#
# There is insufficient memory for the Java Runtime Environment to continue.
# Native memory allocation (mmap) failed to map 2365587456 bytes. Error detail: G1 virtual space
# Possible reasons:
#   The system is out of physical RAM or swap space
#   This process is running with CompressedOops enabled, and the Java Heap may be blocking the growth of the native heap
# Possible solutions:
#   Reduce memory load on the system
#   Increase physical memory or swap space
#   Check if swap backing store is full
#   Decrease Java heap size (-Xmx/-Xms)
#   Decrease number of Java threads
#   Decrease Java thread stack sizes (-Xss)
#   Set larger code cache with -XX:ReservedCodeCacheSize=
#   JVM is running with Zero Based Compressed Oops mode in which the Java heap is
#     placed in the first 32GB address space. The Java Heap base address is the
#     maximum limit for the native heap growth. Please use -XX:HeapBaseMinAddress
#     to set the Java Heap base and to place the Java Heap above 32GB virtual address.
# This output file may be truncated or incomplete.
#
#  Out of Memory Error (os_windows.cpp:3714), pid=5008, tid=11372
#
# JRE version: OpenJDK Runtime Environment Temurin-21.0.10+7 (21.0.10+7) (build 21.0.10+7-LTS)
# Java VM: OpenJDK 64-Bit Server VM Temurin-21.0.10+7 (21.0.10+7-LTS, mixed mode, sharing, tiered, compressed oops, compressed class ptrs, g1 gc, windows-amd64)
# No core dump will be written. Minidumps are not enabled by default on client versions of Windows
#

---------------  S U M M A R Y ------------

Command Line: --add-opens=java.base/java.lang=ALL-UNNAMED --add-opens=java.base/java.lang.invoke=ALL-UNNAMED --add-opens=java.base/java.util=ALL-UNNAMED --add-opens=java.prefs/java.util.prefs=ALL-UNNAMED --add-exports=jdk.compiler/com.sun.tools.javac.api=ALL-UNNAMED --add-exports=jdk.compiler/com.sun.tools.javac.util=ALL-UNNAMED --add-opens=java.base/java.util=ALL-UNNAMED --add-opens=java.prefs/java.util.prefs=ALL-UNNAMED --add-opens=java.base/java.nio.charset=ALL-UNNAMED --add-opens=java.base/java.net=ALL-UNNAMED --add-opens=java.base/java.util.concurrent=ALL-UNNAMED --add-opens=java.base/java.util.concurrent.atomic=ALL-UNNAMED --add-opens=java.xml/javax.xml.namespace=ALL-UNNAMED --add-opens=java.base/java.time=ALL-UNNAMED -XX:MaxMetaspaceSize=4G -XX:ReservedCodeCacheSize=512m -XX:+HeapDumpOnOutOfMemoryError -Xmx8G -Dfile.encoding=UTF-8 -Duser.country=US -Duser.language=en -Duser.variant -javaagent:C:\Users\user\.gradle\wrapper\dists\gradle-9.1.0-all\7wzd0jkjit61aq2p43wpjgij9\gradle-9.1.0\lib\agents\gradle-instrumentation-agent-9.1.0.jar org.gradle.launcher.daemon.bootstrap.GradleDaemon 9.1.0

Host: Intel(R) Core(TM) i5-3437U CPU @ 1.90GHz, 4 cores, 7G,  Windows 10 , 64 bit Build 19041 (10.0.19041.5915)
Time: Tue Jun  9 19:04:28 2026 E. Africa Standard Time elapsed time: 536057.303515 seconds (6d 4h 54m 17s)

---------------  T H R E A D  ---------------

Current thread (0x000001e6b1896640):  VMThread "VM Thread"          [id=11372, stack(0x0000003ef8800000,0x0000003ef8900000) (1024K)]

Stack: [0x0000003ef8800000,0x0000003ef8900000]
Native frames: (J=compiled Java code, j=interpreted, Vv=VM code, C=native code)
V  [jvm.dll+0x6d7a39]
V  [jvm.dll+0x8b4b26]
V  [jvm.dll+0x8b70de]
V  [jvm.dll+0x8b77c3]
V  [jvm.dll+0x284346]
V  [jvm.dll+0x6d4355]
V  [jvm.dll+0x6c808a]
V  [jvm.dll+0x35edb8]
V  [jvm.dll+0x3669f6]
V  [jvm.dll+0x3b7afe]
V  [jvm.dll+0x3b7da8]
V  [jvm.dll+0x332fbc]
V  [jvm.dll+0x333047]
V  [jvm.dll+0x376e1c]
V  [jvm.dll+0x3755be]
V  [jvm.dll+0x332701]
V  [jvm.dll+0x374c2a]
V  [jvm.dll+0x8bd4b0]
V  [jvm.dll+0x8be824]
V  [jvm.dll+0x8bed50]
V  [jvm.dll+0x8beff3]
V  [jvm.dll+0x85f59d]
V  [jvm.dll+0x6d626d]
C  [ucrtbase.dll+0x21bb2]
C  [KERNEL32.DLL+0x17374]
C  [ntdll.dll+0x4cc91]

VM_Operation (0x0000003ef96fd530): G1CollectForAllocation, mode: safepoint, requested by thread 0x000001e6b1bb66d0


---------------  P R O C E S S  ---------------

Threads class SMR info:
_java_thread_list=0x000001e6fc957270, length=63, elements={
0x000001e6820dabb0, 0x000001e6b18af820, 0x000001e6b18b0480, 0x000001e6b18b1c90,
0x000001e6b18b28f0, 0x000001e6b18b7f10, 0x000001e6b18b8970, 0x000001e6b18b9980,
0x000001e6b18c0440, 0x000001e6b1b779b0, 0x000001e6b1c60040, 0x000001e6b1bb66d0,
0x000001e6f86096d0, 0x000001e6f882fb40, 0x000001e6f817a140, 0x000001e6f817a7d0,
0x000001e6f817d5c0, 0x000001e6f85b3a30, 0x000001e6f85b2680, 0x000001e6f85b6820,
0x000001e6f85b6190, 0x000001e6f85b05b0, 0x000001e6fb677fd0, 0x000001e6fb092610,
0x000001e6fb092ca0, 0x000001e6fb0967b0, 0x000001e6fb093330, 0x000001e6fb8e88f0,
0x000001e6fb8e9610, 0x000001e6fb8ea330, 0x000001e6fb8eb050, 0x000001e6fb8eb6e0,
0x000001e6fb8ec400, 0x000001e6fb8e6190, 0x000001e6fb8e6820, 0x000001e6fb673110,
0x000001e6fb679a10, 0x000001e6fb679380, 0x000001e6fb672a80, 0x000001e6fb6751e0,
0x000001e6fb67a0a0, 0x000001e6fb6737a0, 0x000001e6fb673e30, 0x000001e6fb675870,
0x000001e6fb675f00, 0x000001e6fb676590, 0x000001e6fb676c20, 0x000001e6fb0a3450,
0x000001e6fb0a5bb0, 0x000001e6fb0a8310, 0x000001e6fb0a3ae0, 0x000001e6fb0a68d0,
0x000001e6fb0a7c80, 0x000001e6fb0a4800, 0x000001e6fb0a4e90, 0x000001e6fb0a5520,
0x000001e6fb0a6f60, 0x000001e6f85b6eb0, 0x000001e6f85b4de0, 0x000001e6f85b1960,
0x000001e6f85b5470, 0x000001e6f85b5b00, 0x000001e6f85b1ff0
}
_to_delete_list=0x000001e6fc89d460, length=62, elements={
0x000001e6820dabb0, 0x000001e6b18af820, 0x000001e6b18b0480, 0x000001e6b18b1c90,
0x000001e6b18b28f0, 0x000001e6b18b7f10, 0x000001e6b18b8970, 0x000001e6b18b9980,
0x000001e6b18c0440, 0x000001e6b1b779b0, 0x000001e6b1c60040, 0x000001e6b1bb66d0,
0x000001e6f86096d0, 0x000001e6f882fb40, 0x000001e6f817a140, 0x000001e6f817a7d0,
0x000001e6f817d5c0, 0x000001e6f85b3a30, 0x000001e6f85b2680, 0x000001e6f85b6820,
0x000001e6f85b6190, 0x000001e6f85b05b0, 0x000001e6fb677fd0, 0x000001e6fb092610,
0x000001e6fb092ca0, 0x000001e6fb0967b0, 0x000001e6fb093330, 0x000001e6fb8e88f0,
0x000001e6fb8e9610, 0x000001e6fb8ea330, 0x000001e6fb8eb050, 0x000001e6fb8eb6e0,
0x000001e6fb8ec400, 0x000001e6fb8e6190, 0x000001e6fb8e6820, 0x000001e6fb673110,
0x000001e6fb679a10, 0x000001e6fb679380, 0x000001e6fb672a80, 0x000001e6fb6751e0,
0x000001e6fb67a0a0, 0x000001e6fb6737a0, 0x000001e6fb673e30, 0x000001e6fb675870,
0x000001e6fb675f00, 0x000001e6fb676590, 0x000001e6fb676c20, 0x000001e6fb0a3450,
0x000001e6fb0a5bb0, 0x000001e6fb0a8310, 0x000001e6fb0a3ae0, 0x000001e6fb0a68d0,
0x000001e6fb0a7c80, 0x000001e6fb0a4800, 0x000001e6fb0a4e90, 0x000001e6fb0a5520,
0x000001e6fb0a6f60, 0x000001e6f85b6eb0, 0x000001e6f85b4de0, 0x000001e6f85b1960,
0x000001e6f85b5470, 0x000001e6f85b5b00
}

Java Threads: ( => current thread )
  0x000001e6820dabb0 JavaThread "main"                              [_thread_blocked, id=14020, stack(0x0000003ef8100000,0x0000003ef8200000) (1024K)]
  0x000001e6b18af820 JavaThread "Reference Handler"          daemon [_thread_blocked, id=13648, stack(0x0000003ef8900000,0x0000003ef8a00000) (1024K)]
  0x000001e6b18b0480 JavaThread "Finalizer"                  daemon [_thread_blocked, id=11324, stack(0x0000003ef8a00000,0x0000003ef8b00000) (1024K)]
  0x000001e6b18b1c90 JavaThread "Signal Dispatcher"          daemon [_thread_blocked, id=9432, stack(0x0000003ef8b00000,0x0000003ef8c00000) (1024K)]
  0x000001e6b18b28f0 JavaThread "Attach Listener"            daemon [_thread_blocked, id=19360, stack(0x0000003ef8c00000,0x0000003ef8d00000) (1024K)]
  0x000001e6b18b7f10 JavaThread "Service Thread"             daemon [_thread_blocked, id=11288, stack(0x0000003ef8d00000,0x0000003ef8e00000) (1024K)]
  0x000001e6b18b8970 JavaThread "Monitor Deflation Thread"   daemon [_thread_blocked, id=16264, stack(0x0000003ef8e00000,0x0000003ef8f00000) (1024K)]
  0x000001e6b18b9980 JavaThread "C2 CompilerThread0"         daemon [_thread_blocked, id=15916, stack(0x0000003ef8f00000,0x0000003ef9000000) (1024K)]
  0x000001e6b18c0440 JavaThread "C1 CompilerThread0"         daemon [_thread_blocked, id=1840, stack(0x0000003ef9000000,0x0000003ef9100000) (1024K)]
  0x000001e6b1b779b0 JavaThread "Common-Cleaner"             daemon [_thread_blocked, id=1752, stack(0x0000003ef9100000,0x0000003ef9200000) (1024K)]
  0x000001e6b1c60040 JavaThread "Notification Thread"        daemon [_thread_blocked, id=15160, stack(0x0000003ef9200000,0x0000003ef9300000) (1024K)]
  0x000001e6b1bb66d0 JavaThread "Daemon health stats"               [_thread_blocked, id=16956, stack(0x0000003ef9600000,0x0000003ef9700000) (1024K)]
  0x000001e6f86096d0 JavaThread "Incoming local TCP Connector on port 51353"        [_thread_in_native, id=1276, stack(0x0000003ef9700000,0x0000003ef9800000) (1024K)]
  0x000001e6f882fb40 JavaThread "Daemon periodic checks"            [_thread_blocked, id=4976, stack(0x0000003ef9800000,0x0000003ef9900000) (1024K)]
  0x000001e6f817a140 JavaThread "Cache worker for journal cache (C:\Users\user\.gradle\caches\journal-1)"        [_thread_blocked, id=17348, stack(0x0000003efa000000,0x0000003efa100000) (1024K)]
  0x000001e6f817a7d0 JavaThread "File lock request listener"        [_thread_in_native, id=12564, stack(0x0000003efa100000,0x0000003efa200000) (1024K)]
  0x000001e6f817d5c0 JavaThread "Cache worker for file hash cache (C:\Users\user\.gradle\caches\9.1.0\fileHashes)"        [_thread_blocked, id=15476, stack(0x0000003efa200000,0x0000003efa300000) (1024K)]
  0x000001e6f85b3a30 JavaThread "File watcher server"        daemon [_thread_blocked, id=15848, stack(0x0000003efa500000,0x0000003efa600000) (1024K)]
  0x000001e6f85b2680 JavaThread "File watcher consumer"      daemon [_thread_blocked, id=15784, stack(0x0000003efa600000,0x0000003efa700000) (1024K)]
  0x000001e6f85b6820 JavaThread "Cache worker for file content cache (C:\Users\user\.gradle\caches\9.1.0\fileContent)"        [_thread_blocked, id=10424, stack(0x0000003efa800000,0x0000003efa900000) (1024K)]
  0x000001e6f85b6190 JavaThread "jar transforms"                    [_thread_blocked, id=4196, stack(0x0000003efab00000,0x0000003efac00000) (1024K)]
  0x000001e6f85b05b0 JavaThread "jar transforms Thread 2"           [_thread_blocked, id=16912, stack(0x0000003efac00000,0x0000003efad00000) (1024K)]
  0x000001e6fb677fd0 JavaThread "Memory manager"                    [_thread_blocked, id=18740, stack(0x0000003efb600000,0x0000003efb700000) (1024K)]
  0x000001e6fb092610 JavaThread "RMI Scheduler(0)"           daemon [_thread_blocked, id=68, stack(0x0000003efc700000,0x0000003efc800000) (1024K)]
  0x000001e6fb092ca0 JavaThread "RMI GC Daemon"              daemon [_thread_blocked, id=13368, stack(0x0000003efc900000,0x0000003efca00000) (1024K)]
  0x000001e6fb0967b0 JavaThread "RMI TCP Accept-0"           daemon [_thread_in_native, id=14104, stack(0x0000003efca00000,0x0000003efcb00000) (1024K)]
  0x000001e6fb093330 JavaThread "RMI Reaper"                        [_thread_blocked, id=12904, stack(0x0000003efcb00000,0x0000003efcc00000) (1024K)]
  0x000001e6fb8e88f0 JavaThread "Daemon Thread 2"                   [_thread_blocked, id=2700, stack(0x0000003ef7e00000,0x0000003ef7f00000) (1024K)]
  0x000001e6fb8e9610 JavaThread "Handler for socket connection from /127.0.0.1:51353 to /127.0.0.1:52126"        [_thread_in_native, id=7260, stack(0x0000003ef7f00000,0x0000003ef8000000) (1024K)]
  0x000001e6fb8ea330 JavaThread "Cancel handler"                    [_thread_blocked, id=18656, stack(0x0000003ef8000000,0x0000003ef8100000) (1024K)]
  0x000001e6fb8eb050 JavaThread "Daemon worker Thread 2"            [_thread_blocked, id=10536, stack(0x0000003ef9900000,0x0000003ef9a00000) (1024K)]
  0x000001e6fb8eb6e0 JavaThread "Asynchronous log dispatcher for DefaultDaemonConnection: socket connection from /127.0.0.1:51353 to /127.0.0.1:52126"        [_thread_blocked, id=17064, stack(0x0000003ef9a00000,0x0000003ef9b00000) (1024K)]
  0x000001e6fb8ec400 JavaThread "Stdin handler"                     [_thread_blocked, id=11380, stack(0x0000003ef9b00000,0x0000003ef9c00000) (1024K)]
  0x000001e6fb8e6190 JavaThread "Daemon client event forwarder"        [_thread_blocked, id=6940, stack(0x0000003ef9c00000,0x0000003ef9d00000) (1024K)]
  0x000001e6fb8e6820 JavaThread "Cache worker for file hash cache (C:\Users\user\student_management_app\android\.gradle\9.1.0\fileHashes)"        [_thread_blocked, id=8012, stack(0x0000003ef9d00000,0x0000003ef9e00000) (1024K)]
  0x000001e6fb673110 JavaThread "Cache worker for Build Output Cleanup Cache (C:\Users\user\student_management_app\android\.gradle\buildOutputCleanup)"        [_thread_blocked, id=11040, stack(0x0000003ef9e00000,0x0000003ef9f00000) (1024K)]
  0x000001e6fb679a10 JavaThread "Cache worker for checksums cache (C:\Users\user\student_management_app\android\.gradle\9.1.0\checksums)"        [_thread_blocked, id=4792, stack(0x0000003ef9f00000,0x0000003efa000000) (1024K)]
  0x000001e6fb679380 JavaThread "Cache worker for cache directory md-supplier (C:\Users\user\.gradle\caches\9.1.0\md-supplier)"        [_thread_blocked, id=14668, stack(0x0000003efa300000,0x0000003efa400000) (1024K)]
  0x000001e6fb672a80 JavaThread "Cache worker for cache directory md-rule (C:\Users\user\.gradle\caches\9.1.0\md-rule)"        [_thread_blocked, id=17936, stack(0x0000003efa400000,0x0000003efa500000) (1024K)]
  0x000001e6fb6751e0 JavaThread "Cache worker for Build Output Cleanup Cache (C:\Users\user\Downloads\flutter_windows_3.44.0-stable\flutter\packages\flutter_tools\gradle\.gradle\buildOutputCleanup)"        [_thread_blocked, id=17548, stack(0x0000003efa700000,0x0000003efa800000) (1024K)]
  0x000001e6fb67a0a0 JavaThread "Unconstrained build operations"        [_thread_blocked, id=5092, stack(0x0000003efa900000,0x0000003efaa00000) (1024K)]
  0x000001e6fb6737a0 JavaThread "Unconstrained build operations Thread 2"        [_thread_blocked, id=19408, stack(0x0000003efaa00000,0x0000003efab00000) (1024K)]
  0x000001e6fb673e30 JavaThread "Unconstrained build operations Thread 3"        [_thread_blocked, id=7928, stack(0x0000003efad00000,0x0000003efae00000) (1024K)]
  0x000001e6fb675870 JavaThread "Unconstrained build operations Thread 4"        [_thread_blocked, id=9384, stack(0x0000003efae00000,0x0000003efaf00000) (1024K)]
  0x000001e6fb675f00 JavaThread "Unconstrained build operations Thread 5"        [_thread_blocked, id=16676, stack(0x0000003efaf00000,0x0000003efb000000) (1024K)]
  0x000001e6fb676590 JavaThread "Unconstrained build operations Thread 6"        [_thread_blocked, id=14836, stack(0x0000003efb000000,0x0000003efb100000) (1024K)]
  0x000001e6fb676c20 JavaThread "build event listener"              [_thread_blocked, id=14268, stack(0x0000003efb100000,0x0000003efb200000) (1024K)]
  0x000001e6fb0a3450 JavaThread "included builds"                   [_thread_blocked, id=18932, stack(0x0000003efb200000,0x0000003efb300000) (1024K)]
  0x000001e6fb0a5bb0 JavaThread "Execution worker"                  [_thread_blocked, id=4640, stack(0x0000003efb300000,0x0000003efb400000) (1024K)]
  0x000001e6fb0a8310 JavaThread "Execution worker Thread 2"         [_thread_blocked, id=9564, stack(0x0000003efb400000,0x0000003efb500000) (1024K)]
  0x000001e6fb0a3ae0 JavaThread "Cache worker for execution history cache (C:\Users\user\Downloads\flutter_windows_3.44.0-stable\flutter\packages\flutter_tools\gradle\.gradle\9.1.0\executionHistory)"        [_thread_blocked, id=15588, stack(0x0000003efb500000,0x0000003efb600000) (1024K)]
  0x000001e6fb0a68d0 JavaThread "Execution worker Thread 3"         [_thread_blocked, id=15276, stack(0x0000003efb700000,0x0000003efb800000) (1024K)]
  0x000001e6fb0a7c80 JavaThread "Unconstrained build operations Thread 7"        [_thread_blocked, id=4540, stack(0x0000003efb900000,0x0000003efba00000) (1024K)]
  0x000001e6fb0a4800 JavaThread "Unconstrained build operations Thread 8"        [_thread_blocked, id=300, stack(0x0000003efba00000,0x0000003efbb00000) (1024K)]
  0x000001e6fb0a4e90 JavaThread "Unconstrained build operations Thread 9"        [_thread_blocked, id=32, stack(0x0000003efbb00000,0x0000003efbc00000) (1024K)]
  0x000001e6fb0a5520 JavaThread "Unconstrained build operations Thread 10"        [_thread_blocked, id=12632, stack(0x0000003efbc00000,0x0000003efbd00000) (1024K)]
  0x000001e6fb0a6f60 JavaThread "Unconstrained build operations Thread 11"        [_thread_blocked, id=17928, stack(0x0000003efbd00000,0x0000003efbe00000) (1024K)]
  0x000001e6f85b6eb0 JavaThread "Unconstrained build operations Thread 12"        [_thread_blocked, id=2364, stack(0x0000003efbe00000,0x0000003efbf00000) (1024K)]
  0x000001e6f85b4de0 JavaThread "Unconstrained build operations Thread 13"        [_thread_blocked, id=18108, stack(0x0000003efbf00000,0x0000003efc000000) (1024K)]
  0x000001e6f85b1960 JavaThread "Unconstrained build operations Thread 14"        [_thread_blocked, id=15896, stack(0x0000003efc000000,0x0000003efc100000) (1024K)]
  0x000001e6f85b5470 JavaThread "WorkerExecutor Queue"              [_thread_in_native, id=15652, stack(0x0000003efc100000,0x0000003efc200000) (1024K)]
  0x000001e6f85b5b00 JavaThread "RMI RenewClean-[127.0.0.1:17092,org.jetbrains.kotlin.daemon.common.LoopbackNetworkInterface$ClientLoopbackSocketFactory@51c14348]" daemon [_thread_blocked, id=13592, stack(0x0000003efc200000,0x0000003efc300000) (1024K)]
  0x000001e6f85b1ff0 JavaThread "RMI TCP Connection(7)-127.0.0.1" daemon [_thread_in_native, id=14756, stack(0x0000003efb800000,0x0000003efb900000) (1024K)]
Total: 63

Other Threads:
=>0x000001e6b1896640 VMThread "VM Thread"                           [id=11372, stack(0x0000003ef8800000,0x0000003ef8900000) (1024K)]
  0x000001e6b1885910 WatcherThread "VM Periodic Task Thread"        [id=11192, stack(0x0000003ef8700000,0x0000003ef8800000) (1024K)]
  0x000001e6821806d0 WorkerThread "GC Thread#0"                     [id=14256, stack(0x0000003ef8200000,0x0000003ef8300000) (1024K)]
  0x000001e6b1c939c0 WorkerThread "GC Thread#1"                     [id=17396, stack(0x0000003ef9300000,0x0000003ef9400000) (1024K)]
  0x000001e6b1c64380 WorkerThread "GC Thread#2"                     [id=9492, stack(0x0000003ef9400000,0x0000003ef9500000) (1024K)]
  0x000001e6f7e615e0 WorkerThread "GC Thread#3"                     [id=19008, stack(0x0000003ef9500000,0x0000003ef9600000) (1024K)]
  0x000001e682191f80 ConcurrentGCThread "G1 Main Marker"            [id=14648, stack(0x0000003ef8300000,0x0000003ef8400000) (1024K)]
  0x000001e682192930 WorkerThread "G1 Conc#0"                       [id=4296, stack(0x0000003ef8400000,0x0000003ef8500000) (1024K)]
  0x000001e6b17556c0 ConcurrentGCThread "G1 Refine#0"               [id=11196, stack(0x0000003ef8500000,0x0000003ef8600000) (1024K)]
  0x000001e6b17560e0 ConcurrentGCThread "G1 Service"                [id=10344, stack(0x0000003ef8600000,0x0000003ef8700000) (1024K)]
Total: 10

Threads with active compile tasks:
Total: 0

VM state: at safepoint (normal execution)

VM Mutex/Monitor currently owned by a thread:  ([mutex/lock_event])
[0x00007ffe3d64e560] Threads_lock - owner thread: 0x000001e6b1896640
[0x00007ffe3d64e660] Heap_lock - owner thread: 0x000001e6b1bb66d0

Heap address: 0x0000000600000000, size: 8192 MB, Compressed Oops mode: Zero based, Oop shift amount: 3

CDS archive(s) mapped at: [0x000001e6b2000000-0x000001e6b2ba0000-0x000001e6b2ba0000), size 12189696, SharedBaseAddress: 0x000001e6b2000000, ArchiveRelocationMode: 1.
Compressed class space mapped at: 0x000001e6b3000000-0x000001e6f3000000, reserved size: 1073741824
Narrow klass base: 0x000001e6b2000000, Narrow klass shift: 0, Narrow klass range: 0x100000000

GC Precious Log:
 CardTable entry size: 512
 Card Set container configuration: InlinePtr #cards 4 size 8 Array Of Cards #cards 32 size 80 Howl #buckets 8 coarsen threshold 7372 Howl Bitmap #cards 1024 size 144 coarsen threshold 921 Card regions per heap region 1 cards per card region 8192
 CPUs: 4 total, 4 available
 Memory: 8059M
 Large Page Support: Disabled
 NUMA Support: Disabled
 Compressed Oops: Enabled (Zero based)
 Heap Region Size: 4M
 Heap Min Capacity: 8M
 Heap Initial Capacity: 128M
 Heap Max Capacity: 8G
 Pre-touch: Disabled
 Parallel Workers: 4
 Concurrent Workers: 1
 Concurrent Refinement Workers: 4
 Periodic GC: Disabled

Heap:
 garbage-first heap   total 1155072K, used 101340K [0x0000000600000000, 0x0000000800000000)
  region size 4096K, 1 young (4096K), 1 survivors (4096K)
 Metaspace       used 105560K, committed 111552K, reserved 1179648K
  class space    used 14814K, committed 16896K, reserved 1048576K

Heap Regions: E=young(eden), S=young(survivor), O=old, HS=humongous(starts), HC=humongous(continues), CS=collection set, F=free, TAMS=top-at-mark-start, PB=parsable bottom
|   0|0x0000000600000000, 0x0000000600400000, 0x0000000600400000|100%|HS|  |TAMS 0x0000000600400000| PB 0x0000000600000000| Complete 
|   1|0x0000000600400000, 0x0000000600800000, 0x0000000600800000|100%| O|  |TAMS 0x0000000600800000| PB 0x0000000600400000| Untracked 
|   2|0x0000000600800000, 0x0000000600c00000, 0x0000000600c00000|100%| O|  |TAMS 0x0000000600c00000| PB 0x0000000600800000| Untracked 
|   3|0x0000000600c00000, 0x0000000601000000, 0x0000000601000000|100%| O|  |TAMS 0x0000000601000000| PB 0x0000000600c00000| Untracked 
|   4|0x0000000601000000, 0x0000000601400000, 0x0000000601400000|100%| O|  |TAMS 0x0000000601400000| PB 0x0000000601000000| Untracked 
|   5|0x0000000601400000, 0x0000000601800000, 0x0000000601800000|100%| O|  |TAMS 0x0000000601800000| PB 0x0000000601400000| Untracked 
|   6|0x0000000601800000, 0x0000000601c00000, 0x0000000601c00000|100%| O|  |TAMS 0x0000000601c00000| PB 0x0000000601800000| Untracked 
|   7|0x0000000601c00000, 0x0000000602000000, 0x0000000602000000|100%| O|  |TAMS 0x0000000602000000| PB 0x0000000601c00000| Untracked 
|   8|0x0000000602000000, 0x0000000602000000, 0x0000000602400000|  0%| F|  |TAMS 0x0000000602000000| PB 0x0000000602000000| Untracked 
|   9|0x0000000602400000, 0x0000000602800000, 0x0000000602800000|100%| O|  |TAMS 0x0000000602800000| PB 0x0000000602400000| Untracked 
|  10|0x0000000602800000, 0x0000000602c00000, 0x0000000602c00000|100%| O|  |TAMS 0x0000000602c00000| PB 0x0000000602800000| Untracked 
|  11|0x0000000602c00000, 0x0000000602ee8990, 0x0000000603000000| 72%| O|  |TAMS 0x0000000602ee8990| PB 0x0000000602c00000| Untracked 
|  12|0x0000000603000000, 0x0000000603400000, 0x0000000603400000|100%| O|  |TAMS 0x0000000603400000| PB 0x0000000603000000| Untracked 
|  13|0x0000000603400000, 0x0000000603800000, 0x0000000603800000|100%| O|  |TAMS 0x0000000603800000| PB 0x0000000603400000| Untracked 
|  14|0x0000000603800000, 0x0000000603c00000, 0x0000000603c00000|100%| O|  |TAMS 0x0000000603c00000| PB 0x0000000603800000| Untracked 
|  15|0x0000000603c00000, 0x0000000603c00000, 0x0000000604000000|  0%| F|  |TAMS 0x0000000603c00000| PB 0x0000000603c00000| Untracked 
|  16|0x0000000604000000, 0x0000000604400000, 0x0000000604400000|100%| O|  |TAMS 0x0000000604400000| PB 0x0000000604000000| Untracked 
|  17|0x0000000604400000, 0x0000000604400000, 0x0000000604800000|  0%| F|  |TAMS 0x0000000604400000| PB 0x0000000604400000| Untracked 
|  18|0x0000000604800000, 0x0000000604c00000, 0x0000000604c00000|100%| O|  |TAMS 0x0000000604c00000| PB 0x0000000604800000| Untracked 
|  19|0x0000000604c00000, 0x0000000604c00000, 0x0000000605000000|  0%| F|  |TAMS 0x0000000604c00000| PB 0x0000000604c00000| Untracked 
|  20|0x0000000605000000, 0x0000000605400000, 0x0000000605400000|100%| O|  |TAMS 0x0000000605400000| PB 0x0000000605000000| Untracked 
|  21|0x0000000605400000, 0x0000000605800000, 0x0000000605800000|100%| O|  |TAMS 0x0000000605800000| PB 0x0000000605400000| Untracked 
|  22|0x0000000605800000, 0x0000000605800000, 0x0000000605c00000|  0%| F|  |TAMS 0x0000000605800000| PB 0x0000000605800000| Untracked 
|  23|0x0000000605c00000, 0x0000000605c00000, 0x0000000606000000|  0%| F|  |TAMS 0x0000000605c00000| PB 0x0000000605c00000| Untracked 
|  24|0x0000000606000000, 0x0000000606400000, 0x0000000606400000|100%| O|  |TAMS 0x0000000606400000| PB 0x0000000606000000| Untracked 
|  25|0x0000000606400000, 0x0000000606400000, 0x0000000606800000|  0%| F|  |TAMS 0x0000000606400000| PB 0x0000000606400000| Untracked 
|  26|0x0000000606800000, 0x0000000606800000, 0x0000000606c00000|  0%| F|  |TAMS 0x0000000606800000| PB 0x0000000606800000| Untracked 
|  27|0x0000000606c00000, 0x0000000607000000, 0x0000000607000000|100%| O|  |TAMS 0x0000000607000000| PB 0x0000000606c00000| Untracked 
|  28|0x0000000607000000, 0x0000000607400000, 0x0000000607400000|100%| O|  |TAMS 0x0000000607400000| PB 0x0000000607000000| Untracked 
|  29|0x0000000607400000, 0x0000000607800000, 0x0000000607800000|100%| O|  |TAMS 0x0000000607800000| PB 0x0000000607400000| Untracked 
|  30|0x0000000607800000, 0x0000000607c00000, 0x0000000607c00000|100%| O|  |TAMS 0x0000000607c00000| PB 0x0000000607800000| Untracked 
|  31|0x0000000607c00000, 0x0000000608000000, 0x0000000608000000|100%| O|  |TAMS 0x0000000608000000| PB 0x0000000607c00000| Untracked 
|  32|0x0000000608000000, 0x0000000608000000, 0x0000000608400000|  0%| F|  |TAMS 0x0000000608000000| PB 0x0000000608000000| Untracked 
|  33|0x0000000608400000, 0x0000000608400000, 0x0000000608800000|  0%| F|  |TAMS 0x0000000608400000| PB 0x0000000608400000| Untracked 
|  34|0x0000000608800000, 0x0000000608800000, 0x0000000608c00000|  0%| F|  |TAMS 0x0000000608800000| PB 0x0000000608800000| Untracked 
|  35|0x0000000608c00000, 0x0000000608c00000, 0x0000000609000000|  0%| F|  |TAMS 0x0000000608c00000| PB 0x0000000608c00000| Untracked 
|  36|0x0000000609000000, 0x0000000609000000, 0x0000000609400000|  0%| F|  |TAMS 0x0000000609000000| PB 0x0000000609000000| Untracked 
|  37|0x0000000609400000, 0x0000000609400000, 0x0000000609800000|  0%| F|  |TAMS 0x0000000609400000| PB 0x0000000609400000| Untracked 
|  38|0x0000000609800000, 0x0000000609800000, 0x0000000609c00000|  0%| F|  |TAMS 0x0000000609800000| PB 0x0000000609800000| Untracked 
|  39|0x0000000609c00000, 0x0000000609c00000, 0x000000060a000000|  0%| F|  |TAMS 0x0000000609c00000| PB 0x0000000609c00000| Untracked 
|  40|0x000000060a000000, 0x000000060a000000, 0x000000060a400000|  0%| F|  |TAMS 0x000000060a000000| PB 0x000000060a000000| Untracked 
|  41|0x000000060a400000, 0x000000060a400000, 0x000000060a800000|  0%| F|  |TAMS 0x000000060a400000| PB 0x000000060a400000| Untracked 
|  42|0x000000060a800000, 0x000000060a800000, 0x000000060ac00000|  0%| F|  |TAMS 0x000000060a800000| PB 0x000000060a800000| Untracked 
|  43|0x000000060ac00000, 0x000000060ac00000, 0x000000060b000000|  0%| F|  |TAMS 0x000000060ac00000| PB 0x000000060ac00000| Untracked 
|  44|0x000000060b000000, 0x000000060b000000, 0x000000060b400000|  0%| F|  |TAMS 0x000000060b000000| PB 0x000000060b000000| Untracked 
|  45|0x000000060b400000, 0x000000060b400000, 0x000000060b800000|  0%| F|  |TAMS 0x000000060b400000| PB 0x000000060b400000| Untracked 
|  46|0x000000060b800000, 0x000000060b800000, 0x000000060bc00000|  0%| F|  |TAMS 0x000000060b800000| PB 0x000000060b800000| Untracked 
|  47|0x000000060bc00000, 0x000000060bc00000, 0x000000060c000000|  0%| F|  |TAMS 0x000000060bc00000| PB 0x000000060bc00000| Untracked 
|  48|0x000000060c000000, 0x000000060c000000, 0x000000060c400000|  0%| F|  |TAMS 0x000000060c000000| PB 0x000000060c000000| Untracked 
|  49|0x000000060c400000, 0x000000060c400000, 0x000000060c800000|  0%| F|  |TAMS 0x000000060c400000| PB 0x000000060c400000| Untracked 
|  50|0x000000060c800000, 0x000000060c800000, 0x000000060cc00000|  0%| F|  |TAMS 0x000000060c800000| PB 0x000000060c800000| Untracked 
|  51|0x000000060cc00000, 0x000000060cc00000, 0x000000060d000000|  0%| F|  |TAMS 0x000000060cc00000| PB 0x000000060cc00000| Untracked 
|  52|0x000000060d000000, 0x000000060d000000, 0x000000060d400000|  0%| F|  |TAMS 0x000000060d000000| PB 0x000000060d000000| Untracked 
|  53|0x000000060d400000, 0x000000060d400000, 0x000000060d800000|  0%| F|  |TAMS 0x000000060d400000| PB 0x000000060d400000| Untracked 
|  54|0x000000060d800000, 0x000000060d800000, 0x000000060dc00000|  0%| F|  |TAMS 0x000000060d800000| PB 0x000000060d800000| Untracked 
|  55|0x000000060dc00000, 0x000000060dc00000, 0x000000060e000000|  0%| F|  |TAMS 0x000000060dc00000| PB 0x000000060dc00000| Untracked 
|  56|0x000000060e000000, 0x000000060e000000, 0x000000060e400000|  0%| F|  |TAMS 0x000000060e000000| PB 0x000000060e000000| Untracked 
|  57|0x000000060e400000, 0x000000060e400000, 0x000000060e800000|  0%| F|  |TAMS 0x000000060e400000| PB 0x000000060e400000| Untracked 
|  58|0x000000060e800000, 0x000000060e800000, 0x000000060ec00000|  0%| F|  |TAMS 0x000000060e800000| PB 0x000000060e800000| Untracked 
|  59|0x000000060ec00000, 0x000000060ec00000, 0x000000060f000000|  0%| F|  |TAMS 0x000000060ec00000| PB 0x000000060ec00000| Untracked 
|  60|0x000000060f000000, 0x000000060f000000, 0x000000060f400000|  0%| F|  |TAMS 0x000000060f000000| PB 0x000000060f000000| Untracked 
|  61|0x000000060f400000, 0x000000060f400000, 0x000000060f800000|  0%| F|  |TAMS 0x000000060f400000| PB 0x000000060f400000| Untracked 
|  62|0x000000060f800000, 0x000000060f800000, 0x000000060fc00000|  0%| F|  |TAMS 0x000000060f800000| PB 0x000000060f800000| Untracked 
|  63|0x000000060fc00000, 0x000000060fc00000, 0x0000000610000000|  0%| F|  |TAMS 0x000000060fc00000| PB 0x000000060fc00000| Untracked 
|  64|0x0000000610000000, 0x0000000610000000, 0x0000000610400000|  0%| F|  |TAMS 0x0000000610000000| PB 0x0000000610000000| Untracked 
|  65|0x0000000610400000, 0x0000000610400000, 0x0000000610800000|  0%| F|  |TAMS 0x0000000610400000| PB 0x0000000610400000| Untracked 
|  66|0x0000000610800000, 0x0000000610800000, 0x0000000610c00000|  0%| F|  |TAMS 0x0000000610800000| PB 0x0000000610800000| Untracked 
|  67|0x0000000610c00000, 0x0000000610c00000, 0x0000000611000000|  0%| F|  |TAMS 0x0000000610c00000| PB 0x0000000610c00000| Untracked 
|  68|0x0000000611000000, 0x0000000611000000, 0x0000000611400000|  0%| F|  |TAMS 0x0000000611000000| PB 0x0000000611000000| Untracked 
|  69|0x0000000611400000, 0x0000000611400000, 0x0000000611800000|  0%| F|  |TAMS 0x0000000611400000| PB 0x0000000611400000| Untracked 
|  70|0x0000000611800000, 0x0000000611800000, 0x0000000611c00000|  0%| F|  |TAMS 0x0000000611800000| PB 0x0000000611800000| Untracked 
|  71|0x0000000611c00000, 0x0000000611c00000, 0x0000000612000000|  0%| F|  |TAMS 0x0000000611c00000| PB 0x0000000611c00000| Untracked 
|  72|0x0000000612000000, 0x0000000612000000, 0x0000000612400000|  0%| F|  |TAMS 0x0000000612000000| PB 0x0000000612000000| Untracked 
|  73|0x0000000612400000, 0x0000000612400000, 0x0000000612800000|  0%| F|  |TAMS 0x0000000612400000| PB 0x0000000612400000| Untracked 
|  74|0x0000000612800000, 0x0000000612800000, 0x0000000612c00000|  0%| F|  |TAMS 0x0000000612800000| PB 0x0000000612800000| Untracked 
|  75|0x0000000612c00000, 0x0000000612c00000, 0x0000000613000000|  0%| F|  |TAMS 0x0000000612c00000| PB 0x0000000612c00000| Untracked 
|  76|0x0000000613000000, 0x0000000613000000, 0x0000000613400000|  0%| F|  |TAMS 0x0000000613000000| PB 0x0000000613000000| Untracked 
|  77|0x0000000613400000, 0x0000000613400000, 0x0000000613800000|  0%| F|  |TAMS 0x0000000613400000| PB 0x0000000613400000| Untracked 
|  78|0x0000000613800000, 0x0000000613800000, 0x0000000613c00000|  0%| F|  |TAMS 0x0000000613800000| PB 0x0000000613800000| Untracked 
|  79|0x0000000613c00000, 0x0000000613c00000, 0x0000000614000000|  0%| F|  |TAMS 0x0000000613c00000| PB 0x0000000613c00000| Untracked 
|  80|0x0000000614000000, 0x0000000614000000, 0x0000000614400000|  0%| F|  |TAMS 0x0000000614000000| PB 0x0000000614000000| Untracked 
|  81|0x0000000614400000, 0x0000000614400000, 0x0000000614800000|  0%| F|  |TAMS 0x0000000614400000| PB 0x0000000614400000| Untracked 
|  82|0x0000000614800000, 0x0000000614800000, 0x0000000614c00000|  0%| F|  |TAMS 0x0000000614800000| PB 0x0000000614800000| Untracked 
|  83|0x0000000614c00000, 0x0000000614c00000, 0x0000000615000000|  0%| F|  |TAMS 0x0000000614c00000| PB 0x0000000614c00000| Untracked 
|  84|0x0000000615000000, 0x0000000615000000, 0x0000000615400000|  0%| F|  |TAMS 0x0000000615000000| PB 0x0000000615000000| Untracked 
|  85|0x0000000615400000, 0x0000000615400000, 0x0000000615800000|  0%| F|  |TAMS 0x0000000615400000| PB 0x0000000615400000| Untracked 
|  86|0x0000000615800000, 0x0000000615800000, 0x0000000615c00000|  0%| F|  |TAMS 0x0000000615800000| PB 0x0000000615800000| Untracked 
|  87|0x0000000615c00000, 0x0000000615c00000, 0x0000000616000000|  0%| F|  |TAMS 0x0000000615c00000| PB 0x0000000615c00000| Untracked 
|  88|0x0000000616000000, 0x0000000616000000, 0x0000000616400000|  0%| F|  |TAMS 0x0000000616000000| PB 0x0000000616000000| Untracked 
|  89|0x0000000616400000, 0x0000000616400000, 0x0000000616800000|  0%| F|  |TAMS 0x0000000616400000| PB 0x0000000616400000| Untracked 
|  90|0x0000000616800000, 0x0000000616800000, 0x0000000616c00000|  0%| F|  |TAMS 0x0000000616800000| PB 0x0000000616800000| Untracked 
|  91|0x0000000616c00000, 0x0000000616c00000, 0x0000000617000000|  0%| F|  |TAMS 0x0000000616c00000| PB 0x0000000616c00000| Untracked 
|  92|0x0000000617000000, 0x0000000617000000, 0x0000000617400000|  0%| F|  |TAMS 0x0000000617000000| PB 0x0000000617000000| Untracked 
|  93|0x0000000617400000, 0x0000000617400000, 0x0000000617800000|  0%| F|  |TAMS 0x0000000617400000| PB 0x0000000617400000| Untracked 
|  94|0x0000000617800000, 0x0000000617800000, 0x0000000617c00000|  0%| F|  |TAMS 0x0000000617800000| PB 0x0000000617800000| Untracked 
|  95|0x0000000617c00000, 0x0000000617c00000, 0x0000000618000000|  0%| F|  |TAMS 0x0000000617c00000| PB 0x0000000617c00000| Untracked 
|  96|0x0000000618000000, 0x0000000618000000, 0x0000000618400000|  0%| F|  |TAMS 0x0000000618000000| PB 0x0000000618000000| Untracked 
|  97|0x0000000618400000, 0x0000000618400000, 0x0000000618800000|  0%| F|  |TAMS 0x0000000618400000| PB 0x0000000618400000| Untracked 
|  98|0x0000000618800000, 0x0000000618800000, 0x0000000618c00000|  0%| F|  |TAMS 0x0000000618800000| PB 0x0000000618800000| Untracked 
|  99|0x0000000618c00000, 0x0000000618c00000, 0x0000000619000000|  0%| F|  |TAMS 0x0000000618c00000| PB 0x0000000618c00000| Untracked 
| 100|0x0000000619000000, 0x0000000619000000, 0x0000000619400000|  0%| F|  |TAMS 0x0000000619000000| PB 0x0000000619000000| Untracked 
| 101|0x0000000619400000, 0x0000000619400000, 0x0000000619800000|  0%| F|  |TAMS 0x0000000619400000| PB 0x0000000619400000| Untracked 
| 102|0x0000000619800000, 0x0000000619800000, 0x0000000619c00000|  0%| F|  |TAMS 0x0000000619800000| PB 0x0000000619800000| Untracked 
| 103|0x0000000619c00000, 0x0000000619c00000, 0x000000061a000000|  0%| F|  |TAMS 0x0000000619c00000| PB 0x0000000619c00000| Untracked 
| 104|0x000000061a000000, 0x000000061a000000, 0x000000061a400000|  0%| F|  |TAMS 0x000000061a000000| PB 0x000000061a000000| Untracked 
| 105|0x000000061a400000, 0x000000061a400000, 0x000000061a800000|  0%| F|  |TAMS 0x000000061a400000| PB 0x000000061a400000| Untracked 
| 106|0x000000061a800000, 0x000000061a800000, 0x000000061ac00000|  0%| F|  |TAMS 0x000000061a800000| PB 0x000000061a800000| Untracked 
| 107|0x000000061ac00000, 0x000000061ac00000, 0x000000061b000000|  0%| F|  |TAMS 0x000000061ac00000| PB 0x000000061ac00000| Untracked 
| 108|0x000000061b000000, 0x000000061b000000, 0x000000061b400000|  0%| F|  |TAMS 0x000000061b000000| PB 0x000000061b000000| Untracked 
| 109|0x000000061b400000, 0x000000061b400000, 0x000000061b800000|  0%| F|  |TAMS 0x000000061b400000| PB 0x000000061b400000| Untracked 
| 110|0x000000061b800000, 0x000000061b800000, 0x000000061bc00000|  0%| F|  |TAMS 0x000000061b800000| PB 0x000000061b800000| Untracked 
| 111|0x000000061bc00000, 0x000000061bc00000, 0x000000061c000000|  0%| F|  |TAMS 0x000000061bc00000| PB 0x000000061bc00000| Untracked 
| 112|0x000000061c000000, 0x000000061c000000, 0x000000061c400000|  0%| F|  |TAMS 0x000000061c000000| PB 0x000000061c000000| Untracked 
| 113|0x000000061c400000, 0x000000061c400000, 0x000000061c800000|  0%| F|  |TAMS 0x000000061c400000| PB 0x000000061c400000| Untracked 
| 114|0x000000061c800000, 0x000000061c800000, 0x000000061cc00000|  0%| F|  |TAMS 0x000000061c800000| PB 0x000000061c800000| Untracked 
| 115|0x000000061cc00000, 0x000000061cc00000, 0x000000061d000000|  0%| F|  |TAMS 0x000000061cc00000| PB 0x000000061cc00000| Untracked 
| 116|0x000000061d000000, 0x000000061d000000, 0x000000061d400000|  0%| F|  |TAMS 0x000000061d000000| PB 0x000000061d000000| Untracked 
| 117|0x000000061d400000, 0x000000061d400000, 0x000000061d800000|  0%| F|  |TAMS 0x000000061d400000| PB 0x000000061d400000| Untracked 
| 118|0x000000061d800000, 0x000000061d800000, 0x000000061dc00000|  0%| F|  |TAMS 0x000000061d800000| PB 0x000000061d800000| Untracked 
| 119|0x000000061dc00000, 0x000000061dc00000, 0x000000061e000000|  0%| F|  |TAMS 0x000000061dc00000| PB 0x000000061dc00000| Untracked 
| 120|0x000000061e000000, 0x000000061e000000, 0x000000061e400000|  0%| F|  |TAMS 0x000000061e000000| PB 0x000000061e000000| Untracked 
| 121|0x000000061e400000, 0x000000061e400000, 0x000000061e800000|  0%| F|  |TAMS 0x000000061e400000| PB 0x000000061e400000| Untracked 
| 122|0x000000061e800000, 0x000000061e800000, 0x000000061ec00000|  0%| F|  |TAMS 0x000000061e800000| PB 0x000000061e800000| Untracked 
| 123|0x000000061ec00000, 0x000000061ec00000, 0x000000061f000000|  0%| F|  |TAMS 0x000000061ec00000| PB 0x000000061ec00000| Untracked 
| 124|0x000000061f000000, 0x000000061f000000, 0x000000061f400000|  0%| F|  |TAMS 0x000000061f000000| PB 0x000000061f000000| Untracked 
| 125|0x000000061f400000, 0x000000061f400000, 0x000000061f800000|  0%| F|  |TAMS 0x000000061f400000| PB 0x000000061f400000| Untracked 
| 126|0x000000061f800000, 0x000000061f800000, 0x000000061fc00000|  0%| F|  |TAMS 0x000000061f800000| PB 0x000000061f800000| Untracked 
| 127|0x000000061fc00000, 0x000000061fc00000, 0x0000000620000000|  0%| F|  |TAMS 0x000000061fc00000| PB 0x000000061fc00000| Untracked 
| 128|0x0000000620000000, 0x0000000620000000, 0x0000000620400000|  0%| F|  |TAMS 0x0000000620000000| PB 0x0000000620000000| Untracked 
| 129|0x0000000620400000, 0x0000000620400000, 0x0000000620800000|  0%| F|  |TAMS 0x0000000620400000| PB 0x0000000620400000| Untracked 
| 130|0x0000000620800000, 0x0000000620800000, 0x0000000620c00000|  0%| F|  |TAMS 0x0000000620800000| PB 0x0000000620800000| Untracked 
| 131|0x0000000620c00000, 0x0000000620c00000, 0x0000000621000000|  0%| F|  |TAMS 0x0000000620c00000| PB 0x0000000620c00000| Untracked 
| 132|0x0000000621000000, 0x0000000621000000, 0x0000000621400000|  0%| F|  |TAMS 0x0000000621000000| PB 0x0000000621000000| Untracked 
| 133|0x0000000621400000, 0x0000000621400000, 0x0000000621800000|  0%| F|  |TAMS 0x0000000621400000| PB 0x0000000621400000| Untracked 
| 134|0x0000000621800000, 0x0000000621800000, 0x0000000621c00000|  0%| F|  |TAMS 0x0000000621800000| PB 0x0000000621800000| Untracked 
| 135|0x0000000621c00000, 0x0000000621c00000, 0x0000000622000000|  0%| F|  |TAMS 0x0000000621c00000| PB 0x0000000621c00000| Untracked 
| 136|0x0000000622000000, 0x0000000622000000, 0x0000000622400000|  0%| F|  |TAMS 0x0000000622000000| PB 0x0000000622000000| Untracked 
| 137|0x0000000622400000, 0x0000000622400000, 0x0000000622800000|  0%| F|  |TAMS 0x0000000622400000| PB 0x0000000622400000| Untracked 
| 138|0x0000000622800000, 0x0000000622800000, 0x0000000622c00000|  0%| F|  |TAMS 0x0000000622800000| PB 0x0000000622800000| Untracked 
| 139|0x0000000622c00000, 0x0000000622c00000, 0x0000000623000000|  0%| F|  |TAMS 0x0000000622c00000| PB 0x0000000622c00000| Untracked 
| 140|0x0000000623000000, 0x0000000623000000, 0x0000000623400000|  0%| F|  |TAMS 0x0000000623000000| PB 0x0000000623000000| Untracked 
| 141|0x0000000623400000, 0x0000000623400000, 0x0000000623800000|  0%| F|  |TAMS 0x0000000623400000| PB 0x0000000623400000| Untracked 
| 142|0x0000000623800000, 0x0000000623800000, 0x0000000623c00000|  0%| F|  |TAMS 0x0000000623800000| PB 0x0000000623800000| Untracked 
| 143|0x0000000623c00000, 0x0000000623c00000, 0x0000000624000000|  0%| F|  |TAMS 0x0000000623c00000| PB 0x0000000623c00000| Untracked 
| 144|0x0000000624000000, 0x0000000624000000, 0x0000000624400000|  0%| F|  |TAMS 0x0000000624000000| PB 0x0000000624000000| Untracked 
| 145|0x0000000624400000, 0x0000000624400000, 0x0000000624800000|  0%| F|  |TAMS 0x0000000624400000| PB 0x0000000624400000| Untracked 
| 146|0x0000000624800000, 0x0000000624800000, 0x0000000624c00000|  0%| F|  |TAMS 0x0000000624800000| PB 0x0000000624800000| Untracked 
| 147|0x0000000624c00000, 0x0000000624c00000, 0x0000000625000000|  0%| F|  |TAMS 0x0000000624c00000| PB 0x0000000624c00000| Untracked 
| 148|0x0000000625000000, 0x0000000625000000, 0x0000000625400000|  0%| F|  |TAMS 0x0000000625000000| PB 0x0000000625000000| Untracked 
| 149|0x0000000625400000, 0x0000000625400000, 0x0000000625800000|  0%| F|  |TAMS 0x0000000625400000| PB 0x0000000625400000| Untracked 
| 150|0x0000000625800000, 0x0000000625800000, 0x0000000625c00000|  0%| F|  |TAMS 0x0000000625800000| PB 0x0000000625800000| Untracked 
| 151|0x0000000625c00000, 0x0000000625c00000, 0x0000000626000000|  0%| F|  |TAMS 0x0000000625c00000| PB 0x0000000625c00000| Untracked 
| 152|0x0000000626000000, 0x0000000626000000, 0x0000000626400000|  0%| F|  |TAMS 0x0000000626000000| PB 0x0000000626000000| Untracked 
| 153|0x0000000626400000, 0x0000000626400000, 0x0000000626800000|  0%| F|  |TAMS 0x0000000626400000| PB 0x0000000626400000| Untracked 
| 154|0x0000000626800000, 0x0000000626800000, 0x0000000626c00000|  0%| F|  |TAMS 0x0000000626800000| PB 0x0000000626800000| Untracked 
| 155|0x0000000626c00000, 0x0000000626c00000, 0x0000000627000000|  0%| F|  |TAMS 0x0000000626c00000| PB 0x0000000626c00000| Untracked 
| 156|0x0000000627000000, 0x0000000627000000, 0x0000000627400000|  0%| F|  |TAMS 0x0000000627000000| PB 0x0000000627000000| Untracked 
| 157|0x0000000627400000, 0x0000000627400000, 0x0000000627800000|  0%| F|  |TAMS 0x0000000627400000| PB 0x0000000627400000| Untracked 
| 158|0x0000000627800000, 0x0000000627800000, 0x0000000627c00000|  0%| F|  |TAMS 0x0000000627800000| PB 0x0000000627800000| Untracked 
| 159|0x0000000627c00000, 0x0000000627c00000, 0x0000000628000000|  0%| F|  |TAMS 0x0000000627c00000| PB 0x0000000627c00000| Untracked 
| 160|0x0000000628000000, 0x0000000628000000, 0x0000000628400000|  0%| F|  |TAMS 0x0000000628000000| PB 0x0000000628000000| Untracked 
| 161|0x0000000628400000, 0x0000000628400000, 0x0000000628800000|  0%| F|  |TAMS 0x0000000628400000| PB 0x0000000628400000| Untracked 
| 162|0x0000000628800000, 0x0000000628800000, 0x0000000628c00000|  0%| F|  |TAMS 0x0000000628800000| PB 0x0000000628800000| Untracked 
| 163|0x0000000628c00000, 0x0000000628c00000, 0x0000000629000000|  0%| F|  |TAMS 0x0000000628c00000| PB 0x0000000628c00000| Untracked 
| 164|0x0000000629000000, 0x0000000629000000, 0x0000000629400000|  0%| F|  |TAMS 0x0000000629000000| PB 0x0000000629000000| Untracked 
| 165|0x0000000629400000, 0x0000000629400000, 0x0000000629800000|  0%| F|  |TAMS 0x0000000629400000| PB 0x0000000629400000| Untracked 
| 166|0x0000000629800000, 0x0000000629800000, 0x0000000629c00000|  0%| F|  |TAMS 0x0000000629800000| PB 0x0000000629800000| Untracked 
| 167|0x0000000629c00000, 0x0000000629c00000, 0x000000062a000000|  0%| F|  |TAMS 0x0000000629c00000| PB 0x0000000629c00000| Untracked 
| 168|0x000000062a000000, 0x000000062a000000, 0x000000062a400000|  0%| F|  |TAMS 0x000000062a000000| PB 0x000000062a000000| Untracked 
| 169|0x000000062a400000, 0x000000062a400000, 0x000000062a800000|  0%| F|  |TAMS 0x000000062a400000| PB 0x000000062a400000| Untracked 
| 170|0x000000062a800000, 0x000000062a800000, 0x000000062ac00000|  0%| F|  |TAMS 0x000000062a800000| PB 0x000000062a800000| Untracked 
| 171|0x000000062ac00000, 0x000000062ac00000, 0x000000062b000000|  0%| F|  |TAMS 0x000000062ac00000| PB 0x000000062ac00000| Untracked 
| 172|0x000000062b000000, 0x000000062b000000, 0x000000062b400000|  0%| F|  |TAMS 0x000000062b000000| PB 0x000000062b000000| Untracked 
| 173|0x000000062b400000, 0x000000062b400000, 0x000000062b800000|  0%| F|  |TAMS 0x000000062b400000| PB 0x000000062b400000| Untracked 
| 174|0x000000062b800000, 0x000000062b800000, 0x000000062bc00000|  0%| F|  |TAMS 0x000000062b800000| PB 0x000000062b800000| Untracked 
| 175|0x000000062bc00000, 0x000000062bc00000, 0x000000062c000000|  0%| F|  |TAMS 0x000000062bc00000| PB 0x000000062bc00000| Untracked 
| 176|0x000000062c000000, 0x000000062c000000, 0x000000062c400000|  0%| F|  |TAMS 0x000000062c000000| PB 0x000000062c000000| Untracked 
| 177|0x000000062c400000, 0x000000062c400000, 0x000000062c800000|  0%| F|  |TAMS 0x000000062c400000| PB 0x000000062c400000| Untracked 
| 178|0x000000062c800000, 0x000000062c800000, 0x000000062cc00000|  0%| F|  |TAMS 0x000000062c800000| PB 0x000000062c800000| Untracked 
| 179|0x000000062cc00000, 0x000000062cc00000, 0x000000062d000000|  0%| F|  |TAMS 0x000000062cc00000| PB 0x000000062cc00000| Untracked 
| 180|0x000000062d000000, 0x000000062d000000, 0x000000062d400000|  0%| F|  |TAMS 0x000000062d000000| PB 0x000000062d000000| Untracked 
| 181|0x000000062d400000, 0x000000062d400000, 0x000000062d800000|  0%| F|  |TAMS 0x000000062d400000| PB 0x000000062d400000| Untracked 
| 182|0x000000062d800000, 0x000000062d800000, 0x000000062dc00000|  0%| F|  |TAMS 0x000000062d800000| PB 0x000000062d800000| Untracked 
| 183|0x000000062dc00000, 0x000000062dc00000, 0x000000062e000000|  0%| F|  |TAMS 0x000000062dc00000| PB 0x000000062dc00000| Untracked 
| 184|0x000000062e000000, 0x000000062e000000, 0x000000062e400000|  0%| F|  |TAMS 0x000000062e000000| PB 0x000000062e000000| Untracked 
| 185|0x000000062e400000, 0x000000062e400000, 0x000000062e800000|  0%| F|  |TAMS 0x000000062e400000| PB 0x000000062e400000| Untracked 
| 186|0x000000062e800000, 0x000000062e800000, 0x000000062ec00000|  0%| F|  |TAMS 0x000000062e800000| PB 0x000000062e800000| Untracked 
| 187|0x000000062ec00000, 0x000000062ec00000, 0x000000062f000000|  0%| F|  |TAMS 0x000000062ec00000| PB 0x000000062ec00000| Untracked 
| 188|0x000000062f000000, 0x000000062f000000, 0x000000062f400000|  0%| F|  |TAMS 0x000000062f000000| PB 0x000000062f000000| Untracked 
| 189|0x000000062f400000, 0x000000062f400000, 0x000000062f800000|  0%| F|  |TAMS 0x000000062f400000| PB 0x000000062f400000| Untracked 
| 190|0x000000062f800000, 0x000000062f800000, 0x000000062fc00000|  0%| F|  |TAMS 0x000000062f800000| PB 0x000000062f800000| Untracked 
| 191|0x000000062fc00000, 0x000000062fc00000, 0x0000000630000000|  0%| F|  |TAMS 0x000000062fc00000| PB 0x000000062fc00000| Untracked 
| 192|0x0000000630000000, 0x0000000630000000, 0x0000000630400000|  0%| F|  |TAMS 0x0000000630000000| PB 0x0000000630000000| Untracked 
| 193|0x0000000630400000, 0x0000000630400000, 0x0000000630800000|  0%| F|  |TAMS 0x0000000630400000| PB 0x0000000630400000| Untracked 
| 194|0x0000000630800000, 0x0000000630800000, 0x0000000630c00000|  0%| F|  |TAMS 0x0000000630800000| PB 0x0000000630800000| Untracked 
| 195|0x0000000630c00000, 0x0000000630c00000, 0x0000000631000000|  0%| F|  |TAMS 0x0000000630c00000| PB 0x0000000630c00000| Untracked 
| 196|0x0000000631000000, 0x0000000631000000, 0x0000000631400000|  0%| F|  |TAMS 0x0000000631000000| PB 0x0000000631000000| Untracked 
| 197|0x0000000631400000, 0x0000000631400000, 0x0000000631800000|  0%| F|  |TAMS 0x0000000631400000| PB 0x0000000631400000| Untracked 
| 198|0x0000000631800000, 0x0000000631800000, 0x0000000631c00000|  0%| F|  |TAMS 0x0000000631800000| PB 0x0000000631800000| Untracked 
| 199|0x0000000631c00000, 0x0000000631c00000, 0x0000000632000000|  0%| F|  |TAMS 0x0000000631c00000| PB 0x0000000631c00000| Untracked 
| 200|0x0000000632000000, 0x0000000632000000, 0x0000000632400000|  0%| F|  |TAMS 0x0000000632000000| PB 0x0000000632000000| Untracked 
| 201|0x0000000632400000, 0x0000000632400000, 0x0000000632800000|  0%| F|  |TAMS 0x0000000632400000| PB 0x0000000632400000| Untracked 
| 202|0x0000000632800000, 0x0000000632800000, 0x0000000632c00000|  0%| F|  |TAMS 0x0000000632800000| PB 0x0000000632800000| Untracked 
| 203|0x0000000632c00000, 0x0000000632c00000, 0x0000000633000000|  0%| F|  |TAMS 0x0000000632c00000| PB 0x0000000632c00000| Untracked 
| 204|0x0000000633000000, 0x0000000633000000, 0x0000000633400000|  0%| F|  |TAMS 0x0000000633000000| PB 0x0000000633000000| Untracked 
| 205|0x0000000633400000, 0x0000000633400000, 0x0000000633800000|  0%| F|  |TAMS 0x0000000633400000| PB 0x0000000633400000| Untracked 
| 206|0x0000000633800000, 0x0000000633800000, 0x0000000633c00000|  0%| F|  |TAMS 0x0000000633800000| PB 0x0000000633800000| Untracked 
| 207|0x0000000633c00000, 0x0000000633c00000, 0x0000000634000000|  0%| F|  |TAMS 0x0000000633c00000| PB 0x0000000633c00000| Untracked 
| 208|0x0000000634000000, 0x0000000634000000, 0x0000000634400000|  0%| F|  |TAMS 0x0000000634000000| PB 0x0000000634000000| Untracked 
| 209|0x0000000634400000, 0x0000000634400000, 0x0000000634800000|  0%| F|  |TAMS 0x0000000634400000| PB 0x0000000634400000| Untracked 
| 210|0x0000000634800000, 0x0000000634800000, 0x0000000634c00000|  0%| F|  |TAMS 0x0000000634800000| PB 0x0000000634800000| Untracked 
| 211|0x0000000634c00000, 0x0000000634c00000, 0x0000000635000000|  0%| F|  |TAMS 0x0000000634c00000| PB 0x0000000634c00000| Untracked 
| 212|0x0000000635000000, 0x0000000635000000, 0x0000000635400000|  0%| F|  |TAMS 0x0000000635000000| PB 0x0000000635000000| Untracked 
| 213|0x0000000635400000, 0x0000000635400000, 0x0000000635800000|  0%| F|  |TAMS 0x0000000635400000| PB 0x0000000635400000| Untracked 
| 214|0x0000000635800000, 0x0000000635800000, 0x0000000635c00000|  0%| F|  |TAMS 0x0000000635800000| PB 0x0000000635800000| Untracked 
| 215|0x0000000635c00000, 0x0000000635c00000, 0x0000000636000000|  0%| F|  |TAMS 0x0000000635c00000| PB 0x0000000635c00000| Untracked 
| 216|0x0000000636000000, 0x0000000636000000, 0x0000000636400000|  0%| F|  |TAMS 0x0000000636000000| PB 0x0000000636000000| Untracked 
| 217|0x0000000636400000, 0x0000000636400000, 0x0000000636800000|  0%| F|  |TAMS 0x0000000636400000| PB 0x0000000636400000| Untracked 
| 218|0x0000000636800000, 0x0000000636800000, 0x0000000636c00000|  0%| F|  |TAMS 0x0000000636800000| PB 0x0000000636800000| Untracked 
| 219|0x0000000636c00000, 0x0000000636c00000, 0x0000000637000000|  0%| F|  |TAMS 0x0000000636c00000| PB 0x0000000636c00000| Untracked 
| 220|0x0000000637000000, 0x0000000637000000, 0x0000000637400000|  0%| F|  |TAMS 0x0000000637000000| PB 0x0000000637000000| Untracked 
| 221|0x0000000637400000, 0x0000000637400000, 0x0000000637800000|  0%| F|  |TAMS 0x0000000637400000| PB 0x0000000637400000| Untracked 
| 222|0x0000000637800000, 0x0000000637800000, 0x0000000637c00000|  0%| F|  |TAMS 0x0000000637800000| PB 0x0000000637800000| Untracked 
| 223|0x0000000637c00000, 0x0000000637c00000, 0x0000000638000000|  0%| F|  |TAMS 0x0000000637c00000| PB 0x0000000637c00000| Untracked 
| 224|0x0000000638000000, 0x0000000638000000, 0x0000000638400000|  0%| F|  |TAMS 0x0000000638000000| PB 0x0000000638000000| Untracked 
| 225|0x0000000638400000, 0x0000000638400000, 0x0000000638800000|  0%| F|  |TAMS 0x0000000638400000| PB 0x0000000638400000| Untracked 
| 226|0x0000000638800000, 0x0000000638800000, 0x0000000638c00000|  0%| F|  |TAMS 0x0000000638800000| PB 0x0000000638800000| Untracked 
| 227|0x0000000638c00000, 0x0000000638c00000, 0x0000000639000000|  0%| F|  |TAMS 0x0000000638c00000| PB 0x0000000638c00000| Untracked 
| 228|0x0000000639000000, 0x0000000639000000, 0x0000000639400000|  0%| F|  |TAMS 0x0000000639000000| PB 0x0000000639000000| Untracked 
| 229|0x0000000639400000, 0x0000000639400000, 0x0000000639800000|  0%| F|  |TAMS 0x0000000639400000| PB 0x0000000639400000| Untracked 
| 230|0x0000000639800000, 0x0000000639800000, 0x0000000639c00000|  0%| F|  |TAMS 0x0000000639800000| PB 0x0000000639800000| Untracked 
| 231|0x0000000639c00000, 0x0000000639c00000, 0x000000063a000000|  0%| F|  |TAMS 0x0000000639c00000| PB 0x0000000639c00000| Untracked 
| 232|0x000000063a000000, 0x000000063a000000, 0x000000063a400000|  0%| F|  |TAMS 0x000000063a000000| PB 0x000000063a000000| Untracked 
| 233|0x000000063a400000, 0x000000063a400000, 0x000000063a800000|  0%| F|  |TAMS 0x000000063a400000| PB 0x000000063a400000| Untracked 
| 234|0x000000063a800000, 0x000000063a800000, 0x000000063ac00000|  0%| F|  |TAMS 0x000000063a800000| PB 0x000000063a800000| Untracked 
| 235|0x000000063ac00000, 0x000000063ac00000, 0x000000063b000000|  0%| F|  |TAMS 0x000000063ac00000| PB 0x000000063ac00000| Untracked 
| 236|0x000000063b000000, 0x000000063b000000, 0x000000063b400000|  0%| F|  |TAMS 0x000000063b000000| PB 0x000000063b000000| Untracked 
| 237|0x000000063b400000, 0x000000063b400000, 0x000000063b800000|  0%| F|  |TAMS 0x000000063b400000| PB 0x000000063b400000| Untracked 
| 238|0x000000063b800000, 0x000000063b800000, 0x000000063bc00000|  0%| F|  |TAMS 0x000000063b800000| PB 0x000000063b800000| Untracked 
| 239|0x000000063bc00000, 0x000000063bc00000, 0x000000063c000000|  0%| F|  |TAMS 0x000000063bc00000| PB 0x000000063bc00000| Untracked 
| 240|0x000000063c000000, 0x000000063c000000, 0x000000063c400000|  0%| F|  |TAMS 0x000000063c000000| PB 0x000000063c000000| Untracked 
| 241|0x000000063c400000, 0x000000063c400000, 0x000000063c800000|  0%| F|  |TAMS 0x000000063c400000| PB 0x000000063c400000| Untracked 
| 242|0x000000063c800000, 0x000000063c800000, 0x000000063cc00000|  0%| F|  |TAMS 0x000000063c800000| PB 0x000000063c800000| Untracked 
| 243|0x000000063cc00000, 0x000000063cc00000, 0x000000063d000000|  0%| F|  |TAMS 0x000000063cc00000| PB 0x000000063cc00000| Untracked 
| 244|0x000000063d000000, 0x000000063d000000, 0x000000063d400000|  0%| F|  |TAMS 0x000000063d000000| PB 0x000000063d000000| Untracked 
| 245|0x000000063d400000, 0x000000063d400000, 0x000000063d800000|  0%| F|  |TAMS 0x000000063d400000| PB 0x000000063d400000| Untracked 
| 246|0x000000063d800000, 0x000000063d800000, 0x000000063dc00000|  0%| F|  |TAMS 0x000000063d800000| PB 0x000000063d800000| Untracked 
| 247|0x000000063dc00000, 0x000000063dc00000, 0x000000063e000000|  0%| F|  |TAMS 0x000000063dc00000| PB 0x000000063dc00000| Untracked 
| 248|0x000000063e000000, 0x000000063e000000, 0x000000063e400000|  0%| F|  |TAMS 0x000000063e000000| PB 0x000000063e000000| Untracked 
| 249|0x000000063e400000, 0x000000063e400000, 0x000000063e800000|  0%| F|  |TAMS 0x000000063e400000| PB 0x000000063e400000| Untracked 
| 250|0x000000063e800000, 0x000000063e800000, 0x000000063ec00000|  0%| F|  |TAMS 0x000000063e800000| PB 0x000000063e800000| Untracked 
| 251|0x000000063ec00000, 0x000000063ec00000, 0x000000063f000000|  0%| F|  |TAMS 0x000000063ec00000| PB 0x000000063ec00000| Untracked 
| 252|0x000000063f000000, 0x000000063f000000, 0x000000063f400000|  0%| F|  |TAMS 0x000000063f000000| PB 0x000000063f000000| Untracked 
| 253|0x000000063f400000, 0x000000063f400000, 0x000000063f800000|  0%| F|  |TAMS 0x000000063f400000| PB 0x000000063f400000| Untracked 
| 254|0x000000063f800000, 0x000000063f800000, 0x000000063fc00000|  0%| F|  |TAMS 0x000000063f800000| PB 0x000000063f800000| Untracked 
| 255|0x000000063fc00000, 0x000000063fc00000, 0x0000000640000000|  0%| F|  |TAMS 0x000000063fc00000| PB 0x000000063fc00000| Untracked 
| 256|0x0000000640000000, 0x0000000640000000, 0x0000000640400000|  0%| F|  |TAMS 0x0000000640000000| PB 0x0000000640000000| Untracked 
| 257|0x0000000640400000, 0x0000000640400000, 0x0000000640800000|  0%| F|  |TAMS 0x0000000640400000| PB 0x0000000640400000| Untracked 
| 258|0x0000000640800000, 0x0000000640800000, 0x0000000640c00000|  0%| F|  |TAMS 0x0000000640800000| PB 0x0000000640800000| Untracked 
| 259|0x0000000640c00000, 0x0000000640c00000, 0x0000000641000000|  0%| F|  |TAMS 0x0000000640c00000| PB 0x0000000640c00000| Untracked 
| 260|0x0000000641000000, 0x0000000641000000, 0x0000000641400000|  0%| F|  |TAMS 0x0000000641000000| PB 0x0000000641000000| Untracked 
| 261|0x0000000641400000, 0x0000000641400000, 0x0000000641800000|  0%| F|  |TAMS 0x0000000641400000| PB 0x0000000641400000| Untracked 
| 262|0x0000000641800000, 0x0000000641800000, 0x0000000641c00000|  0%| F|  |TAMS 0x0000000641800000| PB 0x0000000641800000| Untracked 
| 263|0x0000000641c00000, 0x0000000641c00000, 0x0000000642000000|  0%| F|  |TAMS 0x0000000641c00000| PB 0x0000000641c00000| Untracked 
| 264|0x0000000642000000, 0x0000000642000000, 0x0000000642400000|  0%| F|  |TAMS 0x0000000642000000| PB 0x0000000642000000| Untracked 
| 265|0x0000000642400000, 0x0000000642400000, 0x0000000642800000|  0%| F|  |TAMS 0x0000000642400000| PB 0x0000000642400000| Untracked 
| 266|0x0000000642800000, 0x0000000642800000, 0x0000000642c00000|  0%| F|  |TAMS 0x0000000642800000| PB 0x0000000642800000| Untracked 
| 267|0x0000000642c00000, 0x0000000642c0e720, 0x0000000643000000|  1%| S|CS|TAMS 0x0000000642c00000| PB 0x0000000642c00000| Complete 
| 268|0x0000000643000000, 0x0000000643000000, 0x0000000643400000|  0%| F|  |TAMS 0x0000000643000000| PB 0x0000000643000000| Untracked 
| 269|0x0000000643400000, 0x0000000643400000, 0x0000000643800000|  0%| F|  |TAMS 0x0000000643400000| PB 0x0000000643400000| Untracked 
| 270|0x0000000643800000, 0x0000000643800000, 0x0000000643c00000|  0%| F|  |TAMS 0x0000000643800000| PB 0x0000000643800000| Untracked 
| 271|0x0000000643c00000, 0x0000000643c00000, 0x0000000644000000|  0%| F|  |TAMS 0x0000000643c00000| PB 0x0000000643c00000| Untracked 
| 272|0x0000000644000000, 0x0000000644000000, 0x0000000644400000|  0%| F|  |TAMS 0x0000000644000000| PB 0x0000000644000000| Untracked 
| 273|0x0000000644400000, 0x0000000644400000, 0x0000000644800000|  0%| F|  |TAMS 0x0000000644400000| PB 0x0000000644400000| Untracked 
| 274|0x0000000644800000, 0x0000000644800000, 0x0000000644c00000|  0%| F|  |TAMS 0x0000000644800000| PB 0x0000000644800000| Untracked 
| 275|0x0000000644c00000, 0x0000000644c00000, 0x0000000645000000|  0%| F|  |TAMS 0x0000000644c00000| PB 0x0000000644c00000| Untracked 
| 276|0x0000000645000000, 0x0000000645000000, 0x0000000645400000|  0%| F|  |TAMS 0x0000000645000000| PB 0x0000000645000000| Untracked 
| 277|0x0000000645400000, 0x0000000645400000, 0x0000000645800000|  0%| F|  |TAMS 0x0000000645400000| PB 0x0000000645400000| Untracked 
| 278|0x0000000645800000, 0x0000000645800000, 0x0000000645c00000|  0%| F|  |TAMS 0x0000000645800000| PB 0x0000000645800000| Untracked 
| 279|0x0000000645c00000, 0x0000000645c00000, 0x0000000646000000|  0%| F|  |TAMS 0x0000000645c00000| PB 0x0000000645c00000| Untracked 
|2046|0x00000007ff800000, 0x00000007ffc00000, 0x00000007ffc00000|100%| O|  |TAMS 0x00000007ffc00000| PB 0x00000007ff800000| Untracked 
|2047|0x00000007ffc00000, 0x00000007ffc00000, 0x0000000800000000|  0%| F|  |TAMS 0x00000007ffc00000| PB 0x00000007ffc00000| Untracked 

Card table byte_map: [0x000001e6a63f0000,0x000001e6a73f0000] _byte_map_base: 0x000001e6a33f0000

Marking Bits: (CMBitMap*) 0x000001e682180c80
 Bits: [0x000001e6a73f0000, 0x000001e6af3f0000)

Polling page: 0x000001e6818a0000

Metaspace:

Usage:
  Non-class:     88.62 MB used.
      Class:     14.47 MB used.
       Both:    103.09 MB used.

Virtual space:
  Non-class space:      128.00 MB reserved,      92.44 MB ( 72%) committed,  2 nodes.
      Class space:        1.00 GB reserved,      16.50 MB (  2%) committed,  1 nodes.
             Both:        1.12 GB reserved,     108.94 MB (  9%) committed. 

Chunk freelists:
   Non-Class:  5.94 MB
       Class:  16.91 MB
        Both:  22.85 MB

MaxMetaspaceSize: 4.00 GB
CompressedClassSpaceSize: 1.00 GB
Initial GC threshold: 21.00 MB
Current GC threshold: 181.50 MB
CDS: on
 - commit_granule_bytes: 65536.
 - commit_granule_words: 8192.
 - virtual_space_node_default_size: 8388608.
 - enlarge_chunks_in_place: 1.
 - use_allocation_guard: 0.


Internal statistics:

num_allocs_failed_limit: 9.
num_arena_births: 4770.
num_arena_deaths: 3120.
num_vsnodes_births: 3.
num_vsnodes_deaths: 0.
num_space_committed: 1743.
num_space_uncommitted: 0.
num_chunks_returned_to_freelist: 3539.
num_chunks_taken_from_freelist: 9977.
num_chunk_merges: 1314.
num_chunk_splits: 6510.
num_chunks_enlarged: 4054.
num_inconsistent_stats: 0.

CodeHeap 'non-profiled nmethods': size=259264Kb used=6786Kb max_used=7946Kb free=252477Kb
 bounds [0x000001e6955b0000, 0x000001e695d80000, 0x000001e6a52e0000]
CodeHeap 'profiled nmethods': size=259264Kb used=18867Kb max_used=25204Kb free=240396Kb
 bounds [0x000001e6852e0000, 0x000001e686b90000, 0x000001e695010000]
CodeHeap 'non-nmethods': size=5760Kb used=2079Kb max_used=2131Kb free=3680Kb
 bounds [0x000001e695010000, 0x000001e695280000, 0x000001e6955b0000]
CodeCache: size=524288Kb, used=27732Kb, max_used=35281Kb, free=496553Kb
 total_blobs=10365, nmethods=9436, adapters=832, full_count=0
Compilation: enabled, stopped_count=0, restarted_count=0

Compilation events (20 events):
Event: 536031.149 Thread 0x000001e6b18b9980 15322   !   4       java.io.FileInputStream::close (69 bytes)
Event: 536031.175 Thread 0x000001e6b18b9980 nmethod 15322 0x000001e6957bfd90 code [0x000001e6957bffa0, 0x000001e6957c0e98]
Event: 536031.226 Thread 0x000001e6b18b9980 15323       4       java.io.FileInputStream::<init> (107 bytes)
Event: 536031.278 Thread 0x000001e6b18b9980 nmethod 15323 0x000001e6959e8010 code [0x000001e6959e8260, 0x000001e6959e9060]
Event: 536031.278 Thread 0x000001e6b18b9980 15324   !   4       java.io.FileInputStream::open (26 bytes)
Event: 536031.282 Thread 0x000001e6b18b9980 nmethod 15324 0x000001e695667010 code [0x000001e6956671c0, 0x000001e695667310]
Event: 536031.330 Thread 0x000001e6b18b9980 15325       4       java.util.HashMap::remove (26 bytes)
Event: 536031.369 Thread 0x000001e6b18b9980 nmethod 15325 0x000001e69578f310 code [0x000001e69578f500, 0x000001e69578fff0]
Event: 536031.398 Thread 0x000001e6b18b9980 15326       4       org.gradle.launcher.daemon.server.health.LowMemoryDaemonExpirationStrategy::normalizeThreshold (11 bytes)
Event: 536031.399 Thread 0x000001e6b18b9980 nmethod 15326 0x000001e6955bcb90 code [0x000001e6955bcd20, 0x000001e6955bcdc0]
Event: 536031.399 Thread 0x000001e6b18b9980 15327       4       org.gradle.process.internal.health.memory.DefaultMemoryManager::freeSpecificMemory (81 bytes)
Event: 536033.872 Thread 0x000001e6b18b9980 nmethod 15327 0x000001e695ad5190 code [0x000001e695ad5580, 0x000001e695ad7fb8]
Event: 536033.874 Thread 0x000001e6b18b9980 15328       4       org.gradle.process.internal.health.memory.DefaultMemoryManager::getMemoryThresholdInBytes (15 bytes)
Event: 536034.245 Thread 0x000001e6b18b9980 nmethod 15328 0x000001e6955bde10 code [0x000001e6955bdfa0, 0x000001e6955be068]
Event: 536035.664 Thread 0x000001e6b18b9980 15329   !   4       org.gradle.cache.internal.DefaultFileLockManager::lock (136 bytes)
Event: 536036.944 Thread 0x000001e6b18b9980 nmethod 15329 0x000001e69592e390 code [0x000001e69592ec80, 0x000001e695935880]
Event: 536036.946 Thread 0x000001e6b18b9980 15330       4       java.io.File::getCanonicalFile (38 bytes)
Event: 536036.983 Thread 0x000001e6b18b9980 nmethod 15330 0x000001e695ac9f10 code [0x000001e695aca160, 0x000001e695acaad0]
Event: 536036.984 Thread 0x000001e6b18b9980 15331       4       java.lang.String::<init> (7 bytes)
Event: 536037.003 Thread 0x000001e6b18b9980 nmethod 15331 0x000001e6955d0e90 code [0x000001e6955d1060, 0x000001e6955d1848]

GC Heap History (20 events):
Event: 535987.047 GC heap after
{Heap after GC invocations=57 (full 0):
 garbage-first heap   total 212992K, used 110651K [0x0000000600000000, 0x0000000800000000)
  region size 4096K, 1 young (4096K), 1 survivors (4096K)
 Metaspace       used 105665K, committed 111552K, reserved 1179648K
  class space    used 14841K, committed 16896K, reserved 1048576K
}
Event: 535987.066 GC heap before
{Heap before GC invocations=57 (full 0):
 garbage-first heap   total 212992K, used 114747K [0x0000000600000000, 0x0000000800000000)
  region size 4096K, 2 young (8192K), 1 survivors (4096K)
 Metaspace       used 105665K, committed 111552K, reserved 1179648K
  class space    used 14841K, committed 16896K, reserved 1048576K
}
Event: 535987.264 GC heap after
{Heap after GC invocations=58 (full 0):
 garbage-first heap   total 638976K, used 109597K [0x0000000600000000, 0x0000000800000000)
  region size 4096K, 1 young (4096K), 1 survivors (4096K)
 Metaspace       used 105665K, committed 111552K, reserved 1179648K
  class space    used 14841K, committed 16896K, reserved 1048576K
}
Event: 535987.446 GC heap before
{Heap before GC invocations=58 (full 0):
 garbage-first heap   total 638976K, used 130077K [0x0000000600000000, 0x0000000800000000)
  region size 4096K, 7 young (28672K), 1 survivors (4096K)
 Metaspace       used 105665K, committed 111552K, reserved 1179648K
  class space    used 14841K, committed 16896K, reserved 1048576K
}
Event: 535987.893 GC heap after
{Heap after GC invocations=59 (full 0):
 garbage-first heap   total 638976K, used 108814K [0x0000000600000000, 0x0000000800000000)
  region size 4096K, 1 young (4096K), 1 survivors (4096K)
 Metaspace       used 105665K, committed 111552K, reserved 1179648K
  class space    used 14841K, committed 16896K, reserved 1048576K
}
Event: 536005.936 GC heap before
{Heap before GC invocations=59 (full 0):
 garbage-first heap   total 638976K, used 485646K [0x0000000600000000, 0x0000000800000000)
  region size 4096K, 93 young (380928K), 1 survivors (4096K)
 Metaspace       used 105665K, committed 111552K, reserved 1179648K
  class space    used 14841K, committed 16896K, reserved 1048576K
}
Event: 536005.940 GC heap after
{Heap after GC invocations=60 (full 0):
 garbage-first heap   total 638976K, used 108814K [0x0000000600000000, 0x0000000800000000)
  region size 4096K, 1 young (4096K), 1 survivors (4096K)
 Metaspace       used 105665K, committed 111552K, reserved 1179648K
  class space    used 14841K, committed 16896K, reserved 1048576K
}
Event: 536015.251 GC heap before
{Heap before GC invocations=61 (full 0):
 garbage-first heap   total 385024K, used 276750K [0x0000000600000000, 0x0000000800000000)
  region size 4096K, 42 young (172032K), 1 survivors (4096K)
 Metaspace       used 105560K, committed 111552K, reserved 1179648K
  class space    used 14813K, committed 16896K, reserved 1048576K
}
Event: 536015.435 GC heap after
{Heap after GC invocations=62 (full 0):
 garbage-first heap   total 385024K, used 108838K [0x0000000600000000, 0x0000000800000000)
  region size 4096K, 1 young (4096K), 1 survivors (4096K)
 Metaspace       used 105560K, committed 111552K, reserved 1179648K
  class space    used 14813K, committed 16896K, reserved 1048576K
}
Event: 536015.478 GC heap before
{Heap before GC invocations=62 (full 0):
 garbage-first heap   total 385024K, used 121126K [0x0000000600000000, 0x0000000800000000)
  region size 4096K, 4 young (16384K), 1 survivors (4096K)
 Metaspace       used 105560K, committed 111552K, reserved 1179648K
  class space    used 14813K, committed 16896K, reserved 1048576K
}
Event: 536023.364 GC heap after
{Heap after GC invocations=63 (full 0):
 garbage-first heap   total 385024K, used 107740K [0x0000000600000000, 0x0000000800000000)
  region size 4096K, 1 young (4096K), 1 survivors (4096K)
 Metaspace       used 105560K, committed 111552K, reserved 1179648K
  class space    used 14813K, committed 16896K, reserved 1048576K
}
Event: 536023.432 GC heap before
{Heap before GC invocations=63 (full 0):
 garbage-first heap   total 385024K, used 120028K [0x0000000600000000, 0x0000000800000000)
  region size 4096K, 4 young (16384K), 1 survivors (4096K)
 Metaspace       used 105560K, committed 111552K, reserved 1179648K
  class space    used 14813K, committed 16896K, reserved 1048576K
}
Event: 536027.528 GC heap after
{Heap after GC invocations=64 (full 0):
 garbage-first heap   total 1155072K, used 105428K [0x0000000600000000, 0x0000000800000000)
  region size 4096K, 1 young (4096K), 1 survivors (4096K)
 Metaspace       used 105560K, committed 111552K, reserved 1179648K
  class space    used 14813K, committed 16896K, reserved 1048576K
}
Event: 536027.839 GC heap before
{Heap before GC invocations=64 (full 0):
 garbage-first heap   total 1155072K, used 158676K [0x0000000600000000, 0x0000000800000000)
  region size 4096K, 14 young (57344K), 1 survivors (4096K)
 Metaspace       used 105560K, committed 111552K, reserved 1179648K
  class space    used 14814K, committed 16896K, reserved 1048576K
}
Event: 536028.448 GC heap after
{Heap after GC invocations=65 (full 0):
 garbage-first heap   total 1155072K, used 103270K [0x0000000600000000, 0x0000000800000000)
  region size 4096K, 1 young (4096K), 1 survivors (4096K)
 Metaspace       used 105560K, committed 111552K, reserved 1179648K
  class space    used 14814K, committed 16896K, reserved 1048576K
}
Event: 536028.605 GC heap before
{Heap before GC invocations=65 (full 0):
 garbage-first heap   total 1155072K, used 156518K [0x0000000600000000, 0x0000000800000000)
  region size 4096K, 14 young (57344K), 1 survivors (4096K)
 Metaspace       used 105560K, committed 111552K, reserved 1179648K
  class space    used 14814K, committed 16896K, reserved 1048576K
}
Event: 536028.949 GC heap after
{Heap after GC invocations=66 (full 0):
 garbage-first heap   total 1155072K, used 101334K [0x0000000600000000, 0x0000000800000000)
  region size 4096K, 1 young (4096K), 1 survivors (4096K)
 Metaspace       used 105560K, committed 111552K, reserved 1179648K
  class space    used 14814K, committed 16896K, reserved 1048576K
}
Event: 536043.152 GC heap before
{Heap before GC invocations=66 (full 0):
 garbage-first heap   total 1155072K, used 793558K [0x0000000600000000, 0x0000000800000000)
  region size 4096K, 171 young (700416K), 1 survivors (4096K)
 Metaspace       used 105560K, committed 111552K, reserved 1179648K
  class space    used 14814K, committed 16896K, reserved 1048576K
}
Event: 536047.784 GC heap after
{Heap after GC invocations=67 (full 0):
 garbage-first heap   total 1155072K, used 101348K [0x0000000600000000, 0x0000000800000000)
  region size 4096K, 1 young (4096K), 1 survivors (4096K)
 Metaspace       used 105560K, committed 111552K, reserved 1179648K
  class space    used 14814K, committed 16896K, reserved 1048576K
}
Event: 536048.394 GC heap before
{Heap before GC invocations=67 (full 0):
 garbage-first heap   total 1155072K, used 154596K [0x0000000600000000, 0x0000000800000000)
  region size 4096K, 14 young (57344K), 1 survivors (4096K)
 Metaspace       used 105560K, committed 111552K, reserved 1179648K
  class space    used 14814K, committed 16896K, reserved 1048576K
}

Dll operation events (15 events):
Event: 0.154 Loaded shared library C:\Users\user\.vscode\extensions\redhat.java-1.54.0-win32-x64\jre\21.0.10-win32-x86_64\bin\java.dll
Event: 0.944 Loaded shared library C:\Users\user\.vscode\extensions\redhat.java-1.54.0-win32-x64\jre\21.0.10-win32-x86_64\bin\zip.dll
Event: 1.030 Loaded shared library C:\Users\user\.vscode\extensions\redhat.java-1.54.0-win32-x64\jre\21.0.10-win32-x86_64\bin\instrument.dll
Event: 1.047 Loaded shared library C:\Users\user\.vscode\extensions\redhat.java-1.54.0-win32-x64\jre\21.0.10-win32-x86_64\bin\net.dll
Event: 1.054 Loaded shared library C:\Users\user\.vscode\extensions\redhat.java-1.54.0-win32-x64\jre\21.0.10-win32-x86_64\bin\nio.dll
Event: 1.063 Loaded shared library C:\Users\user\.vscode\extensions\redhat.java-1.54.0-win32-x64\jre\21.0.10-win32-x86_64\bin\zip.dll
Event: 2.768 Loaded shared library C:\Users\user\.vscode\extensions\redhat.java-1.54.0-win32-x64\jre\21.0.10-win32-x86_64\bin\jimage.dll
Event: 3.868 Loaded shared library C:\Users\user\.vscode\extensions\redhat.java-1.54.0-win32-x64\jre\21.0.10-win32-x86_64\bin\verify.dll
Event: 4.133 Loaded shared library C:\Users\user\.gradle\native\1def1411415f61bf3af743bc5b6707747c0891f09f0c88961ee8f79bc544acac\windows-amd64\native-platform.dll
Event: 4.212 Loaded shared library C:\Users\user\.gradle\native\0.2.8\x86_64-windows-gnu\gradle-fileevents.dll
Event: 10.617 Loaded shared library C:\Users\user\.vscode\extensions\redhat.java-1.54.0-win32-x64\jre\21.0.10-win32-x86_64\bin\management.dll
Event: 10.675 Loaded shared library C:\Users\user\.vscode\extensions\redhat.java-1.54.0-win32-x64\jre\21.0.10-win32-x86_64\bin\management_ext.dll
Event: 11.503 Loaded shared library C:\Users\user\.vscode\extensions\redhat.java-1.54.0-win32-x64\jre\21.0.10-win32-x86_64\bin\extnet.dll
Event: 12.417 Loaded shared library C:\Users\user\.vscode\extensions\redhat.java-1.54.0-win32-x64\jre\21.0.10-win32-x86_64\bin\sunmscapi.dll
Event: 113.276 Loaded shared library C:\Users\user\.vscode\extensions\redhat.java-1.54.0-win32-x64\jre\21.0.10-win32-x86_64\bin\rmi.dll

Deoptimization events (20 events):
Event: 535990.663 Thread 0x000001e6fb677fd0 Uncommon trap: trap_request=0xffffffde fr.pc=0x000001e695d661c4 relative=0x0000000000000d24
Event: 535990.663 Thread 0x000001e6fb677fd0 Uncommon trap: reason=class_check action=maybe_recompile pc=0x000001e695d661c4 method=java.util.concurrent.ThreadPoolExecutor.runWorker(Ljava/util/concurrent/ThreadPoolExecutor$Worker;)V @ 92 c2
Event: 535990.663 Thread 0x000001e6fb677fd0 DEOPT PACKING pc=0x000001e695d661c4 sp=0x0000003efb6fefb0
Event: 535990.663 Thread 0x000001e6fb677fd0 DEOPT UNPACKING pc=0x000001e695064422 sp=0x0000003efb6fefb0 mode 2
Event: 535990.897 Thread 0x000001e6b1bb66d0 Uncommon trap: trap_request=0xffffffde fr.pc=0x000001e695d661c4 relative=0x0000000000000d24
Event: 535990.897 Thread 0x000001e6b1bb66d0 Uncommon trap: reason=class_check action=maybe_recompile pc=0x000001e695d661c4 method=java.util.concurrent.ThreadPoolExecutor.runWorker(Ljava/util/concurrent/ThreadPoolExecutor$Worker;)V @ 92 c2
Event: 535990.897 Thread 0x000001e6b1bb66d0 DEOPT PACKING pc=0x000001e695d661c4 sp=0x0000003ef96fef90
Event: 535990.897 Thread 0x000001e6b1bb66d0 DEOPT UNPACKING pc=0x000001e695064422 sp=0x0000003ef96fef90 mode 2
Event: 535991.112 Thread 0x000001e6b1bb66d0 Uncommon trap: trap_request=0xffffffde fr.pc=0x000001e695d661c4 relative=0x0000000000000d24
Event: 535991.112 Thread 0x000001e6b1bb66d0 Uncommon trap: reason=class_check action=maybe_recompile pc=0x000001e695d661c4 method=java.util.concurrent.ThreadPoolExecutor.runWorker(Ljava/util/concurrent/ThreadPoolExecutor$Worker;)V @ 92 c2
Event: 535991.112 Thread 0x000001e6b1bb66d0 DEOPT PACKING pc=0x000001e695d661c4 sp=0x0000003ef96fef90
Event: 535991.112 Thread 0x000001e6b1bb66d0 DEOPT UNPACKING pc=0x000001e695064422 sp=0x0000003ef96fef90 mode 2
Event: 535991.391 Thread 0x000001e6b1bb66d0 Uncommon trap: trap_request=0xffffffde fr.pc=0x000001e695d661c4 relative=0x0000000000000d24
Event: 535991.391 Thread 0x000001e6b1bb66d0 Uncommon trap: reason=class_check action=maybe_recompile pc=0x000001e695d661c4 method=java.util.concurrent.ThreadPoolExecutor.runWorker(Ljava/util/concurrent/ThreadPoolExecutor$Worker;)V @ 92 c2
Event: 535991.391 Thread 0x000001e6b1bb66d0 DEOPT PACKING pc=0x000001e695d661c4 sp=0x0000003ef96fef90
Event: 535991.391 Thread 0x000001e6b1bb66d0 DEOPT UNPACKING pc=0x000001e695064422 sp=0x0000003ef96fef90 mode 2
Event: 536015.085 Thread 0x000001e6f882fb40 Uncommon trap: trap_request=0xffffff45 fr.pc=0x000001e695be9c10 relative=0x0000000000002690
Event: 536015.085 Thread 0x000001e6f882fb40 Uncommon trap: reason=unstable_if action=reinterpret pc=0x000001e695be9c10 method=java.lang.ref.SoftReference.get()Ljava/lang/Object; @ 6 c2
Event: 536015.085 Thread 0x000001e6f882fb40 DEOPT PACKING pc=0x000001e695be9c10 sp=0x0000003ef98fad40
Event: 536015.085 Thread 0x000001e6f882fb40 DEOPT UNPACKING pc=0x000001e695064422 sp=0x0000003ef98facb8 mode 2

Classes loaded (20 events):
Event: 415.864 Loading class java/lang/StackStreamFactory$FrameBuffer done
Event: 415.864 Loading class java/lang/StackStreamFactory$StackFrameTraverser$StackFrameBuffer done
Event: 415.886 Loading class java/util/logging/LogRecord
Event: 415.995 Loading class java/util/logging/LogRecord done
Event: 695.521 Loading class jdk/internal/math/FormattedFPDecimal
Event: 695.521 Loading class jdk/internal/math/FormattedFPDecimal done
Event: 700.823 Loading class sun/nio/cs/ISO_8859_1$Encoder
Event: 700.824 Loading class sun/nio/cs/ISO_8859_1$Encoder done
Event: 700.824 Loading class sun/nio/cs/Surrogate$Parser
Event: 700.824 Loading class sun/nio/cs/Surrogate$Parser done
Event: 700.824 Loading class sun/nio/cs/Surrogate
Event: 700.824 Loading class sun/nio/cs/Surrogate done
Event: 718.981 Loading class java/io/SequenceInputStream
Event: 718.982 Loading class java/io/SequenceInputStream done
Event: 719.116 Loading class java/io/CharArrayWriter
Event: 719.117 Loading class java/io/CharArrayWriter done
Event: 722.129 Loading class java/util/PriorityQueue
Event: 722.144 Loading class java/util/PriorityQueue done
Event: 11825.448 Loading class java/rmi/server/Unreferenced
Event: 11826.713 Loading class java/rmi/server/Unreferenced done

Classes unloaded (20 events):
Event: 536006.544 Thread 0x000001e6b1896640 Unloading class 0x000001e6b3a91400 'java/lang/invoke/LambdaForm$MH+0x000001e6b3a91400'
Event: 536006.544 Thread 0x000001e6b1896640 Unloading class 0x000001e6b3a91000 'java/lang/invoke/LambdaForm$MH+0x000001e6b3a91000'
Event: 536006.544 Thread 0x000001e6b1896640 Unloading class 0x000001e6b3808400 'java/lang/invoke/LambdaForm$MH+0x000001e6b3808400'
Event: 536006.544 Thread 0x000001e6b1896640 Unloading class 0x000001e6b3808000 'java/lang/invoke/LambdaForm$MH+0x000001e6b3808000'
Event: 536006.544 Thread 0x000001e6b1896640 Unloading class 0x000001e6b3621000 'java/lang/invoke/LambdaForm$MH+0x000001e6b3621000'
Event: 536006.544 Thread 0x000001e6b1896640 Unloading class 0x000001e6b35f8000 'java/lang/invoke/LambdaForm$MH+0x000001e6b35f8000'
Event: 536006.544 Thread 0x000001e6b1896640 Unloading class 0x000001e6b35f7c00 'java/lang/invoke/LambdaForm$MH+0x000001e6b35f7c00'
Event: 536006.544 Thread 0x000001e6b1896640 Unloading class 0x000001e6b35f7400 'java/lang/invoke/LambdaForm$MH+0x000001e6b35f7400'
Event: 536006.544 Thread 0x000001e6b1896640 Unloading class 0x000001e6b35f7000 'java/lang/invoke/LambdaForm$MH+0x000001e6b35f7000'
Event: 536006.544 Thread 0x000001e6b1896640 Unloading class 0x000001e6b35f6c00 'java/lang/invoke/LambdaForm$MH+0x000001e6b35f6c00'
Event: 536006.544 Thread 0x000001e6b1896640 Unloading class 0x000001e6b35f6800 'java/lang/invoke/LambdaForm$MH+0x000001e6b35f6800'
Event: 536006.544 Thread 0x000001e6b1896640 Unloading class 0x000001e6b35f6400 'java/lang/invoke/LambdaForm$MH+0x000001e6b35f6400'
Event: 536006.544 Thread 0x000001e6b1896640 Unloading class 0x000001e6b35f5800 'java/lang/invoke/LambdaForm$MH+0x000001e6b35f5800'
Event: 536006.544 Thread 0x000001e6b1896640 Unloading class 0x000001e6b35f5400 'java/lang/invoke/LambdaForm$MH+0x000001e6b35f5400'
Event: 536006.544 Thread 0x000001e6b1896640 Unloading class 0x000001e6b35f5000 'java/lang/invoke/LambdaForm$MH+0x000001e6b35f5000'
Event: 536006.544 Thread 0x000001e6b1896640 Unloading class 0x000001e6b35f4c00 'java/lang/invoke/LambdaForm$MH+0x000001e6b35f4c00'
Event: 536006.544 Thread 0x000001e6b1896640 Unloading class 0x000001e6b35f4800 'java/lang/invoke/LambdaForm$MH+0x000001e6b35f4800'
Event: 536006.544 Thread 0x000001e6b1896640 Unloading class 0x000001e6b35f3800 'java/lang/invoke/LambdaForm$MH+0x000001e6b35f3800'
Event: 536006.545 Thread 0x000001e6b1896640 Unloading class 0x000001e6b303b400 'java/lang/invoke/LambdaForm$MH+0x000001e6b303b400'
Event: 536006.545 Thread 0x000001e6b1896640 Unloading class 0x000001e6b3000400 'java/lang/invoke/LambdaForm$MH+0x000001e6b3000400'

Classes redefined (0 events):
No events

Internal exceptions (20 events):
Event: 385.047 Thread 0x000001e6f817b4f0 Exception <a 'java/lang/IncompatibleClassChangeError'{0x000000060920bbd8}: Found class java.lang.Object, but interface was expected> (0x000000060920bbd8) 
thrown [s\src\hotspot\share\interpreter\linkResolver.cpp, line 840]
Event: 385.170 Thread 0x000001e6f817b4f0 Exception <a 'java/lang/IncompatibleClassChangeError'{0x000000060920d0e0}: Found class java.lang.Object, but interface was expected> (0x000000060920d0e0) 
thrown [s\src\hotspot\share\interpreter\linkResolver.cpp, line 840]
Event: 385.577 Thread 0x000001e6f817b4f0 Implicit null exception at 0x000001e695aea5bd to 0x000001e695aea61c
Event: 385.651 Thread 0x000001e6f817b4f0 Exception <a 'java/lang/IncompatibleClassChangeError'{0x0000000609252928}: Found class java.lang.Object, but interface was expected> (0x0000000609252928) 
thrown [s\src\hotspot\share\interpreter\linkResolver.cpp, line 840]
Event: 387.954 Thread 0x000001e6fb8eb050 Exception <a 'sun/nio/fs/WindowsException'{0x0000000608a21c70}> (0x0000000608a21c70) 
thrown [s\src\hotspot\share\prims\jni.cpp, line 520]
Event: 700.702 Thread 0x000001e6fb8eb050 Exception <a 'sun/nio/fs/WindowsException'{0x000000060b67c528}> (0x000000060b67c528) 
thrown [s\src\hotspot\share\prims\jni.cpp, line 520]
Event: 700.703 Thread 0x000001e6fb8eb050 Exception <a 'sun/nio/fs/WindowsException'{0x000000060b67d9f0}> (0x000000060b67d9f0) 
thrown [s\src\hotspot\share\prims\jni.cpp, line 520]
Event: 700.703 Thread 0x000001e6fb8eb050 Exception <a 'sun/nio/fs/WindowsException'{0x000000060b67eeb0}> (0x000000060b67eeb0) 
thrown [s\src\hotspot\share\prims\jni.cpp, line 520]
Event: 700.704 Thread 0x000001e6fb8eb050 Exception <a 'sun/nio/fs/WindowsException'{0x000000060b6801b8}> (0x000000060b6801b8) 
thrown [s\src\hotspot\share\prims\jni.cpp, line 520]
Event: 700.875 Thread 0x000001e6fb8eb050 Exception <a 'sun/nio/fs/WindowsException'{0x000000060b7656c0}> (0x000000060b7656c0) 
thrown [s\src\hotspot\share\prims\jni.cpp, line 520]
Event: 700.876 Thread 0x000001e6fb8eb050 Exception <a 'sun/nio/fs/WindowsException'{0x000000060b767398}> (0x000000060b767398) 
thrown [s\src\hotspot\share\prims\jni.cpp, line 520]
Event: 700.877 Thread 0x000001e6fb8eb050 Exception <a 'sun/nio/fs/WindowsException'{0x000000060b769068}> (0x000000060b769068) 
thrown [s\src\hotspot\share\prims\jni.cpp, line 520]
Event: 700.877 Thread 0x000001e6fb8eb050 Exception <a 'sun/nio/fs/WindowsException'{0x000000060b76abd0}> (0x000000060b76abd0) 
thrown [s\src\hotspot\share\prims\jni.cpp, line 520]
Event: 11825.801 Thread 0x000001e6f85b5b00 Implicit null exception at 0x000001e695c44cb4 to 0x000001e695c45710
Event: 11825.801 Thread 0x000001e6f85b5b00 Exception <a 'java/lang/NoSuchMethodError'{0x000000060c607870}: static [Ljava/rmi/server/ObjID;.<clinit>()V> (0x000000060c607870) 
thrown [s\src\hotspot\share\prims\jni.cpp, line 1111]
Event: 11825.801 Thread 0x000001e6f85b5b00 Implicit null exception at 0x000001e695780b7c to 0x000001e695780dc4
Event: 11826.706 Thread 0x000001e6f85b5b00 Exception <a 'java/lang/NoSuchMethodError'{0x00000007ffc79b38}: static [B.<clinit>()V> (0x00000007ffc79b38) 
thrown [s\src\hotspot\share\prims\jni.cpp, line 1111]
Event: 11826.713 Thread 0x000001e6fb092610 Implicit null exception at 0x000001e69582ea0b to 0x000001e69582fc64
Event: 535988.273 Thread 0x000001e6f882fb40 Implicit null exception at 0x000001e695a7673d to 0x000001e695a767b1
Event: 536015.085 Thread 0x000001e6f882fb40 Implicit null exception at 0x000001e695be75da to 0x000001e695be9c04

ZGC Phase Switch (0 events):
No events

VM Operations (20 events):
Event: 536023.364 Executing safepoint VM operation: G1CollectForAllocation (G1 Evacuation Pause) done
Event: 536023.432 Executing safepoint VM operation: G1CollectForAllocation (G1 Evacuation Pause)
Event: 536027.528 Executing safepoint VM operation: G1CollectForAllocation (G1 Evacuation Pause) done
Event: 536027.839 Executing safepoint VM operation: G1CollectForAllocation (G1 Evacuation Pause)
Event: 536028.448 Executing safepoint VM operation: G1CollectForAllocation (G1 Evacuation Pause) done
Event: 536028.604 Executing safepoint VM operation: G1CollectForAllocation (G1 Evacuation Pause)
Event: 536028.949 Executing safepoint VM operation: G1CollectForAllocation (G1 Evacuation Pause) done
Event: 536030.949 Executing safepoint VM operation: Cleanup
Event: 536030.949 Executing safepoint VM operation: Cleanup done
Event: 536031.952 Executing safepoint VM operation: Cleanup
Event: 536032.871 Executing safepoint VM operation: Cleanup done
Event: 536039.694 Executing safepoint VM operation: G1CollectForAllocation (G1 Evacuation Pause)
Event: 536040.535 Executing safepoint VM operation: G1CollectForAllocation (G1 Evacuation Pause) done
Event: 536040.535 Executing safepoint VM operation: G1CollectForAllocation (G1 Evacuation Pause)
Event: 536040.535 Executing safepoint VM operation: G1CollectForAllocation (G1 Evacuation Pause) done
Event: 536040.551 Executing safepoint VM operation: G1CollectForAllocation (G1 Evacuation Pause)
Event: 536040.551 Executing safepoint VM operation: G1CollectForAllocation (G1 Evacuation Pause) done
Event: 536041.577 Executing safepoint VM operation: G1CollectForAllocation (GCLocker Initiated GC)
Event: 536047.784 Executing safepoint VM operation: G1CollectForAllocation (GCLocker Initiated GC) done
Event: 536048.321 Executing safepoint VM operation: G1CollectForAllocation (G1 Evacuation Pause)

Memory protections (0 events):
No events

Nmethod flushes (20 events):
Event: 536014.363 Thread 0x000001e6b1896640 flushing  nmethod 0x000001e686275890
Event: 536014.363 Thread 0x000001e6b1896640 flushing  nmethod 0x000001e686275d10
Event: 536014.363 Thread 0x000001e6b1896640 flushing  nmethod 0x000001e686277110
Event: 536014.363 Thread 0x000001e6b1896640 flushing  nmethod 0x000001e686277890
Event: 536014.363 Thread 0x000001e6b1896640 flushing  nmethod 0x000001e686278810
Event: 536014.363 Thread 0x000001e6b1896640 flushing  nmethod 0x000001e686281a90
Event: 536014.363 Thread 0x000001e6b1896640 flushing  nmethod 0x000001e686283410
Event: 536014.363 Thread 0x000001e6b1896640 flushing  nmethod 0x000001e686283c90
Event: 536014.363 Thread 0x000001e6b1896640 flushing  nmethod 0x000001e68629a490
Event: 536014.363 Thread 0x000001e6b1896640 flushing  nmethod 0x000001e68629a890
Event: 536014.363 Thread 0x000001e6b1896640 flushing  nmethod 0x000001e68629ac90
Event: 536014.363 Thread 0x000001e6b1896640 flushing  nmethod 0x000001e68629cb90
Event: 536014.363 Thread 0x000001e6b1896640 flushing  nmethod 0x000001e68629d310
Event: 536014.363 Thread 0x000001e6b1896640 flushing  nmethod 0x000001e68629dc90
Event: 536014.363 Thread 0x000001e6b1896640 flushing  nmethod 0x000001e68629fd90
Event: 536014.363 Thread 0x000001e6b1896640 flushing  nmethod 0x000001e6862a0110
Event: 536014.363 Thread 0x000001e6b1896640 flushing  nmethod 0x000001e6862a6310
Event: 536014.363 Thread 0x000001e6b1896640 flushing  nmethod 0x000001e6862a6890
Event: 536014.363 Thread 0x000001e6b1896640 flushing  nmethod 0x000001e6862aaf90
Event: 536014.363 Thread 0x000001e6b1896640 flushing  nmethod 0x000001e6862ab410

Events (20 events):
Event: 703.027 Thread 0x000001e6fb8eb050 Thread added: 0x000001e6fb676590
Event: 703.432 Thread 0x000001e6fb8eb050 Thread added: 0x000001e6fb676c20
Event: 706.599 Thread 0x000001e6fb8eb050 Thread added: 0x000001e6fb0a3450
Event: 706.605 Thread 0x000001e6fb0a3450 Thread added: 0x000001e6fb0a5bb0
Event: 706.616 Thread 0x000001e6fb0a3450 Thread added: 0x000001e6fb0a8310
Event: 706.620 Thread 0x000001e6fb0a5bb0 Thread added: 0x000001e6fb0a3ae0
Event: 706.624 Thread 0x000001e6fb0a3450 Thread added: 0x000001e6fb0a68d0
Event: 715.758 Thread 0x000001e6fb0967b0 Thread added: 0x000001e6fb0a4170
Event: 716.695 Thread 0x000001e6fb0a5bb0 Thread added: 0x000001e6fb0a7c80
Event: 716.709 Thread 0x000001e6fb0a5bb0 Thread added: 0x000001e6fb0a4800
Event: 716.722 Thread 0x000001e6fb0a5bb0 Thread added: 0x000001e6fb0a4e90
Event: 717.359 Thread 0x000001e6fb0a5bb0 Thread added: 0x000001e6fb0a5520
Event: 717.372 Thread 0x000001e6fb0a5bb0 Thread added: 0x000001e6fb0a6f60
Event: 717.380 Thread 0x000001e6fb0a5bb0 Thread added: 0x000001e6f85b6eb0
Event: 717.769 Thread 0x000001e6fb0a5bb0 Thread added: 0x000001e6f85b4de0
Event: 717.779 Thread 0x000001e6fb0a5bb0 Thread added: 0x000001e6f85b1960
Event: 718.579 Thread 0x000001e6fb0a5bb0 Thread added: 0x000001e6f85b5470
Event: 727.465 Thread 0x000001e6f85b5470 Thread added: 0x000001e6f85b5b00
Event: 834.459 Thread 0x000001e6fb0a4170 Thread exited: 0x000001e6fb0a4170
Event: 11825.484 Thread 0x000001e6fb0967b0 Thread added: 0x000001e6f85b1ff0


Dynamic libraries:
0x00007ff640f20000 - 0x00007ff640f2e000 	C:\Users\user\.vscode\extensions\redhat.java-1.54.0-win32-x64\jre\21.0.10-win32-x86_64\bin\java.exe
0x00007ffec4050000 - 0x00007ffec4248000 	C:\WINDOWS\SYSTEM32\ntdll.dll
0x00007ffea1970000 - 0x00007ffea1991000 	C:\Program Files\Avast Software\Suite\aswhook.dll
0x00007ffec3140000 - 0x00007ffec3202000 	C:\WINDOWS\System32\KERNEL32.DLL
0x00007ffec1b90000 - 0x00007ffec1e86000 	C:\WINDOWS\System32\KERNELBASE.dll
0x00007ffec16e0000 - 0x00007ffec17e0000 	C:\WINDOWS\System32\ucrtbase.dll
0x00007ffe6c940000 - 0x00007ffe6c958000 	C:\Users\user\.vscode\extensions\redhat.java-1.54.0-win32-x64\jre\21.0.10-win32-x86_64\bin\jli.dll
0x00007ffe6c710000 - 0x00007ffe6c72e000 	C:\Users\user\.vscode\extensions\redhat.java-1.54.0-win32-x64\jre\21.0.10-win32-x86_64\bin\VCRUNTIME140.dll
0x00007ffec2c00000 - 0x00007ffec2da1000 	C:\WINDOWS\System32\USER32.dll
0x00007ffec1b60000 - 0x00007ffec1b82000 	C:\WINDOWS\System32\win32u.dll
0x00007ffec2300000 - 0x00007ffec232b000 	C:\WINDOWS\System32\GDI32.dll
0x00007ffeab2f0000 - 0x00007ffeab58b000 	C:\WINDOWS\WinSxS\amd64_microsoft.windows.common-controls_6595b64144ccf1df_6.0.19041.6456_none_60b8a6cb71f64256\COMCTL32.dll
0x00007ffec1a10000 - 0x00007ffec1b29000 	C:\WINDOWS\System32\gdi32full.dll
0x00007ffec1f40000 - 0x00007ffec1fdd000 	C:\WINDOWS\System32\msvcp_win.dll
0x00007ffec3bf0000 - 0x00007ffec3c8e000 	C:\WINDOWS\System32\msvcrt.dll
0x00007ffec3100000 - 0x00007ffec312f000 	C:\WINDOWS\System32\IMM32.DLL
0x00007ffe786a0000 - 0x00007ffe786ac000 	C:\Users\user\.vscode\extensions\redhat.java-1.54.0-win32-x64\jre\21.0.10-win32-x86_64\bin\vcruntime140_1.dll
0x00007ffe41d10000 - 0x00007ffe41d9d000 	C:\Users\user\.vscode\extensions\redhat.java-1.54.0-win32-x64\jre\21.0.10-win32-x86_64\bin\msvcp140.dll
0x00007ffe3c990000 - 0x00007ffe3d731000 	C:\Users\user\.vscode\extensions\redhat.java-1.54.0-win32-x64\jre\21.0.10-win32-x86_64\bin\server\jvm.dll
0x00007ffec36b0000 - 0x00007ffec3761000 	C:\WINDOWS\System32\ADVAPI32.dll
0x00007ffec2330000 - 0x00007ffec23cf000 	C:\WINDOWS\System32\sechost.dll
0x00007ffec2fe0000 - 0x00007ffec3100000 	C:\WINDOWS\System32\RPCRT4.dll
0x00007ffec1b30000 - 0x00007ffec1b57000 	C:\WINDOWS\System32\bcrypt.dll
0x00007ffec2db0000 - 0x00007ffec2e1b000 	C:\WINDOWS\System32\WS2_32.dll
0x00007ffec0c80000 - 0x00007ffec0ccb000 	C:\WINDOWS\SYSTEM32\POWRPROF.dll
0x00007ffeb5d60000 - 0x00007ffeb5d6a000 	C:\WINDOWS\SYSTEM32\VERSION.dll
0x00007ffea6780000 - 0x00007ffea67a7000 	C:\WINDOWS\SYSTEM32\WINMM.dll
0x00007ffec0ae0000 - 0x00007ffec0af2000 	C:\WINDOWS\SYSTEM32\UMPDC.dll
0x00007ffebf730000 - 0x00007ffebf742000 	C:\WINDOWS\SYSTEM32\kernel.appcore.dll
0x00007ffe71100000 - 0x00007ffe7110a000 	C:\Users\user\.vscode\extensions\redhat.java-1.54.0-win32-x64\jre\21.0.10-win32-x86_64\bin\jimage.dll
0x00007ffeb2830000 - 0x00007ffeb2a31000 	C:\WINDOWS\SYSTEM32\DBGHELP.DLL
0x00007ffeb27f0000 - 0x00007ffeb2824000 	C:\WINDOWS\SYSTEM32\dbgcore.DLL
0x00007ffec1fe0000 - 0x00007ffec2062000 	C:\WINDOWS\System32\bcryptPrimitives.dll
0x00007ffe70320000 - 0x00007ffe7032f000 	C:\Users\user\.vscode\extensions\redhat.java-1.54.0-win32-x64\jre\21.0.10-win32-x86_64\bin\instrument.dll
0x00007ffe45180000 - 0x00007ffe451a0000 	C:\Users\user\.vscode\extensions\redhat.java-1.54.0-win32-x64\jre\21.0.10-win32-x86_64\bin\java.dll
0x00007ffec2430000 - 0x00007ffec2ba0000 	C:\WINDOWS\System32\SHELL32.dll
0x00007ffebf750000 - 0x00007ffebfef5000 	C:\WINDOWS\SYSTEM32\windows.storage.dll
0x00007ffec32e0000 - 0x00007ffec3634000 	C:\WINDOWS\System32\combase.dll
0x00007ffec1110000 - 0x00007ffec113b000 	C:\WINDOWS\SYSTEM32\Wldp.dll
0x00007ffec3210000 - 0x00007ffec32dd000 	C:\WINDOWS\System32\OLEAUT32.dll
0x00007ffec3e20000 - 0x00007ffec3ecd000 	C:\WINDOWS\System32\SHCORE.dll
0x00007ffec23d0000 - 0x00007ffec242b000 	C:\WINDOWS\System32\shlwapi.dll
0x00007ffec1610000 - 0x00007ffec1634000 	C:\WINDOWS\SYSTEM32\profapi.dll
0x00007ffe45160000 - 0x00007ffe45178000 	C:\Users\user\.vscode\extensions\redhat.java-1.54.0-win32-x64\jre\21.0.10-win32-x86_64\bin\zip.dll
0x00007ffe6e1f0000 - 0x00007ffe6e200000 	C:\Users\user\.vscode\extensions\redhat.java-1.54.0-win32-x64\jre\21.0.10-win32-x86_64\bin\net.dll
0x00007ffeb7eb0000 - 0x00007ffeb7fba000 	C:\WINDOWS\SYSTEM32\WINHTTP.dll
0x00007ffec0e70000 - 0x00007ffec0eda000 	C:\WINDOWS\system32\mswsock.dll
0x00007ffe42780000 - 0x00007ffe42796000 	C:\Users\user\.vscode\extensions\redhat.java-1.54.0-win32-x64\jre\21.0.10-win32-x86_64\bin\nio.dll
0x00007ffe6def0000 - 0x00007ffe6df00000 	C:\Users\user\.vscode\extensions\redhat.java-1.54.0-win32-x64\jre\21.0.10-win32-x86_64\bin\verify.dll
0x00007ffeab1f0000 - 0x00007ffeab217000 	C:\Users\user\.gradle\native\1def1411415f61bf3af743bc5b6707747c0891f09f0c88961ee8f79bc544acac\windows-amd64\native-platform.dll
0x00007ffeb1680000 - 0x00007ffeb16f7000 	C:\Users\user\.gradle\native\0.2.8\x86_64-windows-gnu\gradle-fileevents.dll
0x00007ffeab1e0000 - 0x00007ffeab1ea000 	C:\Users\user\.vscode\extensions\redhat.java-1.54.0-win32-x64\jre\21.0.10-win32-x86_64\bin\management.dll
0x00007ffeab1d0000 - 0x00007ffeab1dc000 	C:\Users\user\.vscode\extensions\redhat.java-1.54.0-win32-x64\jre\21.0.10-win32-x86_64\bin\management_ext.dll
0x00007ffec3640000 - 0x00007ffec3648000 	C:\WINDOWS\System32\PSAPI.DLL
0x00007ffec0b00000 - 0x00007ffec0b3b000 	C:\WINDOWS\SYSTEM32\IPHLPAPI.DLL
0x00007ffec3770000 - 0x00007ffec3778000 	C:\WINDOWS\System32\NSI.dll
0x00007ffeaeaa0000 - 0x00007ffeaeaa9000 	C:\Users\user\.vscode\extensions\redhat.java-1.54.0-win32-x64\jre\21.0.10-win32-x86_64\bin\extnet.dll
0x00007ffec1060000 - 0x00007ffec1078000 	C:\WINDOWS\SYSTEM32\CRYPTSP.dll
0x00007ffec0720000 - 0x00007ffec0758000 	C:\WINDOWS\system32\rsaenh.dll
0x00007ffec1590000 - 0x00007ffec15be000 	C:\WINDOWS\SYSTEM32\USERENV.dll
0x00007ffec1080000 - 0x00007ffec108c000 	C:\WINDOWS\SYSTEM32\CRYPTBASE.dll
0x00007ffeb1640000 - 0x00007ffeb164e000 	C:\Users\user\.vscode\extensions\redhat.java-1.54.0-win32-x64\jre\21.0.10-win32-x86_64\bin\sunmscapi.dll
0x00007ffec17e0000 - 0x00007ffec193d000 	C:\WINDOWS\System32\CRYPT32.dll
0x00007ffec1180000 - 0x00007ffec11a7000 	C:\WINDOWS\SYSTEM32\ncrypt.dll
0x00007ffec1140000 - 0x00007ffec117b000 	C:\WINDOWS\SYSTEM32\NTASN1.dll
0x00007ffe7fc60000 - 0x00007ffe7fc67000 	C:\WINDOWS\system32\wshunix.dll
0x00007ffeb8040000 - 0x00007ffeb8047000 	C:\Users\user\.vscode\extensions\redhat.java-1.54.0-win32-x64\jre\21.0.10-win32-x86_64\bin\rmi.dll

JVMTI agents:
C:\Users\user\.gradle\wrapper\dists\gradle-9.1.0-all\7wzd0jkjit61aq2p43wpjgij9\gradle-9.1.0\lib\agents\gradle-instrumentation-agent-9.1.0.jar path:C:\Users\user\.vscode\extensions\redhat.java-1.54.0-win32-x64\jre\21.0.10-win32-x86_64\bin\instrument.dll, loaded, initialized, instrumentlib options:none

dbghelp: loaded successfully - version: 4.0.5 - missing functions: none
symbol engine: initialized successfully - sym options: 0x614 - pdb path: .;C:\Users\user\.vscode\extensions\redhat.java-1.54.0-win32-x64\jre\21.0.10-win32-x86_64\bin;C:\WINDOWS\SYSTEM32;C:\Program Files\Avast Software\Suite;C:\WINDOWS\WinSxS\amd64_microsoft.windows.common-controls_6595b64144ccf1df_6.0.19041.6456_none_60b8a6cb71f64256;C:\Users\user\.vscode\extensions\redhat.java-1.54.0-win32-x64\jre\21.0.10-win32-x86_64\bin\server;C:\Users\user\.gradle\native\1def1411415f61bf3af743bc5b6707747c0891f09f0c88961ee8f79bc544acac\windows-amd64;C:\Users\user\.gradle\native\0.2.8\x86_64-windows-gnu

VM Arguments:
jvm_args: --add-opens=java.base/java.lang=ALL-UNNAMED --add-opens=java.base/java.lang.invoke=ALL-UNNAMED --add-opens=java.base/java.util=ALL-UNNAMED --add-opens=java.prefs/java.util.prefs=ALL-UNNAMED --add-exports=jdk.compiler/com.sun.tools.javac.api=ALL-UNNAMED --add-exports=jdk.compiler/com.sun.tools.javac.util=ALL-UNNAMED --add-opens=java.base/java.util=ALL-UNNAMED --add-opens=java.prefs/java.util.prefs=ALL-UNNAMED --add-opens=java.base/java.nio.charset=ALL-UNNAMED --add-opens=java.base/java.net=ALL-UNNAMED --add-opens=java.base/java.util.concurrent=ALL-UNNAMED --add-opens=java.base/java.util.concurrent.atomic=ALL-UNNAMED --add-opens=java.xml/javax.xml.namespace=ALL-UNNAMED --add-opens=java.base/java.time=ALL-UNNAMED -XX:MaxMetaspaceSize=4G -XX:ReservedCodeCacheSize=512m -XX:+HeapDumpOnOutOfMemoryError -Xmx8G -Dfile.encoding=UTF-8 -Duser.country=US -Duser.language=en -Duser.variant -javaagent:C:\Users\user\.gradle\wrapper\dists\gradle-9.1.0-all\7wzd0jkjit61aq2p43wpjgij9\gradle-9.1.0\lib\agents\gradle-instrumentation-agent-9.1.0.jar 
java_command: org.gradle.launcher.daemon.bootstrap.GradleDaemon 9.1.0
java_class_path (initial): C:\Users\user\.gradle\wrapper\dists\gradle-9.1.0-all\7wzd0jkjit61aq2p43wpjgij9\gradle-9.1.0\lib\gradle-daemon-main-9.1.0.jar
Launcher Type: SUN_STANDARD

[Global flags]
     intx CICompilerCount                          = 3                                         {product} {ergonomic}
     uint ConcGCThreads                            = 1                                         {product} {ergonomic}
     uint G1ConcRefinementThreads                  = 4                                         {product} {ergonomic}
   size_t G1HeapRegionSize                         = 4194304                                   {product} {ergonomic}
    uintx GCDrainStackTargetSize                   = 64                                        {product} {ergonomic}
     bool HeapDumpOnOutOfMemoryError               = true                                   {manageable} {command line}
   size_t InitialHeapSize                          = 134217728                                 {product} {ergonomic}
   size_t MarkStackSize                            = 4194304                                   {product} {ergonomic}
   size_t MaxHeapSize                              = 8589934592                                {product} {command line}
   size_t MaxMetaspaceSize                         = 4294967296                                {product} {command line}
   size_t MaxNewSize                               = 5150605312                                {product} {ergonomic}
   size_t MinHeapDeltaBytes                        = 4194304                                   {product} {ergonomic}
   size_t MinHeapSize                              = 8388608                                   {product} {ergonomic}
    uintx NonNMethodCodeHeapSize                   = 5832780                                {pd product} {ergonomic}
    uintx NonProfiledCodeHeapSize                  = 265519066                              {pd product} {ergonomic}
    uintx ProfiledCodeHeapSize                     = 265519066                              {pd product} {ergonomic}
    uintx ReservedCodeCacheSize                    = 536870912                              {pd product} {command line}
     bool SegmentedCodeCache                       = true                                      {product} {ergonomic}
   size_t SoftMaxHeapSize                          = 8589934592                             {manageable} {ergonomic}
     bool UseCompressedOops                        = true                           {product lp64_product} {ergonomic}
     bool UseG1GC                                  = true                                      {product} {ergonomic}
     bool UseLargePagesIndividualAllocation        = false                                  {pd product} {ergonomic}

Logging:
Log output configuration:
 #0: stdout all=warning uptime,level,tags foldmultilines=false
 #1: stderr all=off uptime,level,tags foldmultilines=false

Release file:
JAVA_VERSION="21.0.10" 
MODULES="java.base java.compiler java.datatransfer java.xml java.prefs java.desktop java.instrument java.logging java.management java.security.sasl java.naming java.rmi java.management.rmi java.net.http java.scripting java.security.jgss java.transaction.xa java.sql java.sql.rowset java.xml.crypto java.se java.smartcardio jdk.accessibility jdk.internal.jvmstat jdk.attach jdk.charsets jdk.internal.opt jdk.zipfs jdk.compiler jdk.crypto.ec jdk.crypto.cryptoki jdk.crypto.mscapi jdk.dynalink jdk.internal.ed jdk.editpad jdk.hotspot.agent jdk.httpserver jdk.internal.le jdk.internal.vm.ci jdk.internal.vm.compiler jdk.internal.vm.compiler.management jdk.jartool jdk.javadoc jdk.jcmd jdk.management jdk.management.agent jdk.jconsole jdk.jdeps jdk.jdwp.agent jdk.jdi jdk.jfr jdk.jshell jdk.jsobject jdk.jstatd jdk.localedata jdk.management.jfr jdk.naming.dns jdk.naming.rmi jdk.net jdk.nio.mapmode jdk.random jdk.sctp jdk.security.auth jdk.security.jgss jdk.unsupported jdk.unsupported.desktop jdk.xml.dom" 

Environment Variables:
PATH=C:\Program Files\Common Files\Oracle\Java\javapath;C:\WINDOWS\system32;C:\WINDOWS;C:\WINDOWS\System32\Wbem;C:\WINDOWS\System32\WindowsPowerShell\v1.0\;C:\WINDOWS\System32\OpenSSH\;C:\Users\user\Downloads\flutter_windows_3.44.0-stable;C:\Users\user\AppData\Local\Microsoft\WindowsApps;C:\Users\user\AppData\Local\Programs\Microsoft VS Code\bin;C:\Users\user\Downloads\flutter_windows_3.44.0-stable\flutter\bin
USERNAME=user
OS=Windows_NT
PROCESSOR_IDENTIFIER=Intel64 Family 6 Model 58 Stepping 9, GenuineIntel
TMP=C:\Users\user\AppData\Local\Temp
TEMP=C:\Users\user\AppData\Local\Temp




Periodic native trim disabled

---------------  S Y S T E M  ---------------

OS:
 Windows 10 , 64 bit Build 19041 (10.0.19041.5915)
OS uptime: 6 days 5:14 hours

CPU: total 4 (initial active 4) (2 cores per cpu, 2 threads per core) family 6 model 58 stepping 9 microcode 0x21, cx8, cmov, fxsr, ht, mmx, sse, sse2, sse3, ssse3, sse4.1, sse4.2, popcnt, tsc, tscinvbit, avx, aes, erms, clmul, vzeroupper, clflush, rdtscp, f16c
Processor Information for the first 4 processors :
  Max Mhz: 2401, Current Mhz: 768, Mhz Limit: 1896

Memory: 4k page, system-wide physical 8059M (387M free)
TotalPageFile size 15548M (AvailPageFile size 2338M)
current process WorkingSet (physical memory assigned to process): 400M, peak: 897M
current process commit charge ("private bytes"): 1460M, peak: 3716M

vm_info: OpenJDK 64-Bit Server VM (21.0.10+7-LTS) for windows-amd64 JRE (21.0.10+7-LTS), built on 2026-01-20T00:00:00Z by "admin" with MS VC++ 17.12 (VS2022)

END.
